company,email,phone,website,street_address,zip_code,county,rating,review_count,google_place_id,source,tags
Watts Dental,,(727) 440-3330,https://wattsdentalfl.com/,99 Dr M.L.K. Jr St N,33701,Pinellas County,4.9,463,ChIJqfiCELfhwogRJLGVqrMuHY8,Pinellas County Google Maps Scan,"dentist, pinellas-county, 2026-03-02"
Exceptional Dental of St. Petersburg,info@dentistsofstpete.com,(727) 388-3429,https://www.dentistsofstpete.com/,3238 4th St N,33701,Pinellas County,4.8,1187,ChIJ5dp_H13hwogR4ZxAo_6BHeQ,Pinellas County Google Maps Scan,"dentist, pinellas-county, 2026-03-02"
Klement Family Dental | Old Northeast,,(727) 387-8269,https://www.stpetedentist.com/locations/old-northeast/,425 22nd Ave N,33701,Pinellas County,4.8,1307,ChIJzRYKoHXhwogRjOS8SOW2s38,Pinellas County Google Maps Scan,"dentist, pinellas-county, 2026-03-02"
Modern Day Smiles Dentistry,info@moderndaysmiles.com,(727) 322-0505,https://www.moderndaysmiles.com/treatments/st-petersburg,2663 1st Ave N,33701,Pinellas County,4.9,849,ChIJC9aR-TXiwogRgZ0TwU-B8Dg,Pinellas County Google Maps Scan,"dentist, pinellas-county, 2026-03-02"
St Petersburg Dental Center,9011@nadentalgroup.com,(727) 521-1818,https://www.stpetersburgdental.com/st-petersburg?y_source=1_MTQwNDUxODUtNzE1LWxvY2F0aW9uLndlYnNpdGU%3D,7300 4th St N,33701,Pinellas County,4.6,1137,ChIJQ8ankKTmwogRm1ohFcP4Lw4,Pinellas County Google Maps Scan,"dentist, pinellas-county, 2026-03-02"
"Dr. Ferullo, DDS - Your Downtown Dentist",,(727) 822-8101,https://www.yourdowntowndentist.com/,200 Central Avenue,33701,Pinellas County,5,474,ChIJSy2lvZzhwogRAYNe4TxsCzA,Pinellas County Google Maps Scan,"dentist, pinellas-county, 2026-03-02"
Florida Dental Centers of St. Petersburg,,(727) 525-8770,https://www.floridadentalcenters.com/dentist-office/st-petersburg-fl-33702?utm_source=maps&utm_medium=organic&utm_campaign=PDM+st+petersburg+fl&utm_content=website,7530 4th St N,33701,Pinellas County,4.7,737,ChIJw4rmP6PmwogRa7PgqwfnoYE,Pinellas County Google Maps Scan,"dentist, pinellas-county, 2026-03-02"
BayView Dental Associates,,(727) 873-7446,https://bayviewdental.com/st-petersburg/,111 2nd Ave NE #1400,33701,Pinellas County,4.8,571,ChIJP-oplZ3hwogRfEC2KN0djPs,Pinellas County Google Maps Scan,"dentist, pinellas-county, 2026-03-02"
Scott Dentistry | St Petersburg,605a7baede844d278b89dc95ae0a9123@sentry-next.wixpress.com,(727) 898-8585,https://www.scottdentistrystpete.com/,239 2nd Ave S UNIT 100,33701,Pinellas County,5,242,ChIJw8yuv53hwogRCu0BzGfMu1I,Pinellas County Google Maps Scan,"dentist, pinellas-county, 2026-03-02"
Dental Care on 4th & 4th,4thand4th@mydentalmail.com,(727) 615-4777,https://dentalcareon4thand4th.com/?utm_source=gbp&utm_medium=organic&utm_campaign=yext_listing,390 4th St N #101,33701,Pinellas County,4.9,693,ChIJm3L0oN7mwogROp48yib7RY0,Pinellas County Google Maps Scan,"dentist, pinellas-county, 2026-03-02"
Klement Family Dental | St. Petersburg,,(727) 498-1945,https://www.stpetedentist.com/?utm_source=google&utm_medium=organic&utm_campaign=gmbwebsite&utm_term=stpete,7650 38th Ave N,33701,Pinellas County,4.8,3042,ChIJC9CYk7f8wogRK3oQ2NWGDiM,Pinellas County Google Maps Scan,"dentist, pinellas-county, 2026-03-02"
Waterfront District Dental,office@waterfrontdistrictdental.com,(727) 201-8700,https://www.waterfrontdistrictdental.com/,180 4th Ave NE,33701,Pinellas County,4.7,344,ChIJY4TyBXbhwogRY6FNDV86xDA,Pinellas County Google Maps Scan,"dentist, pinellas-county, 2026-03-02"
St. Pete Specialists,info@stpetespecialists.com,(727) 350-1550,https://stpetespecialists.com/,99 Dr M.L.K. Jr St N,33701,Pinellas County,5,40,ChIJrVnHSYPhwogR_RU84ZIWoxQ,Pinellas County Google Maps Scan,"dentist, pinellas-county, 2026-03-02"
4th Street Family Dentistry,floss@4thstreetfamilydentistry.com,(727) 777-6549,https://4thstreetfamilydentistry.com/?utm_campaign=gmb,1808 4th St N,33701,Pinellas County,4.9,310,ChIJmdFLkAzhwogRsFN2bLfpxMg,Pinellas County Google Maps Scan,"dentist, pinellas-county, 2026-03-02"
Mai Dentistry of St. Petersburg,,(727) 800-0022,https://maidentistry.com/,495 31st St N,33701,Pinellas County,4.2,175,ChIJT8Vqo5LjwogR8_hj9Jplv8U,Pinellas County Google Maps Scan,"dentist, pinellas-county, 2026-03-02"
Flash Dentspa - St. Petersburg,info2@flashdentspa.com,(727) 290-0929,https://www.flashdentspa.com/,1621 1st Ave N,33701,Pinellas County,4.9,611,ChIJ57YagnDjwogR0qETZHTc_5Q,Pinellas County Google Maps Scan,"dentist, pinellas-county, 2026-03-02"
St Pete Family and Cosmetic Dentistry,StPete@DrPowless.com,(727) 822-3463,https://yourstpetedentist.com/,1747 16th St N,33701,Pinellas County,4.7,307,ChIJqTaNEdrjwogREw6ZWgLkJsQ,Pinellas County Google Maps Scan,"dentist, pinellas-county, 2026-03-02"
Priority Emergency Dental Care,info@priorityemergencydental.care,(844) 210-2331,https://www.priorityemergencydental.care/locations/saint-petersburg-florida/,175 1st St S,33701,Pinellas County,5,1,ChIJoZm1ZADhwogRHqaT1aQcxq0,Pinellas County Google Maps Scan,"dentist, pinellas-county, 2026-03-02"
Signature Smiles of St. Pete,,(727) 522-9192,https://www.signaturesmilesofstpete.com/,5200 16th St N,33701,Pinellas County,4.4,279,ChIJHa4FXTLjwogRbIgjuqo9FVg,Pinellas County Google Maps Scan,"dentist, pinellas-county, 2026-03-02"
Daxon Dentistry,user@domain.com,(727) 282-1970,https://www.dg-dentistry.com/,111 2nd Ave NE #1104,33701,Pinellas County,5,288,ChIJw8yuv53hwogRUE_ZBHtjzUA,Pinellas County Google Maps Scan,"dentist, pinellas-county, 2026-03-02"
Dental Arts Ninth Street - St. Petersburg,,(727) 522-2222,https://dentalarts.dental/?utm_source=google+business&utm_medium=organic&utm_campaign=main+website&utm_term=ninthstreet,6201 12th St N,33702,Pinellas County,4.9,997,ChIJrcvqzKDmwogRSN2y80bePvM,Pinellas County Google Maps Scan,"dentist, pinellas-county, 2026-03-02"
Coast Dental,stpetersburg@coastdental.com,(727) 525-4499,https://www.coastdental.com/dentist-office/st-petersburg-fl-33702?utm_source=gmb&utm_medium=organic,7801 Dr M.L.K. Jr St N,33702,Pinellas County,4.2,969,ChIJTUrRS8nmwogRTNWohENWqR4,Pinellas County Google Maps Scan,"dentist, pinellas-county, 2026-03-02"
Chase Dental - St. Petersburg,p.chasedental@yahoo.com,(727) 527-4955,https://chasedds.com/?utm_source=GBPEprompt,6161 Dr M.L.K. Jr St N Ste 103,33702,Pinellas County,5,578,ChIJP_4LO6rmwogRZ07As6AY4fk,Pinellas County Google Maps Scan,"dentist, pinellas-county, 2026-03-02"
GEDC - Feathersound,,(727) 213-8726,https://www.greatexpressions.com/dental-offices/dentist-in-st-petersburg-florida-carillon-parkway/,400 Carillon Pkwy STE 120,33702,Pinellas County,3.5,295,ChIJj9WglsTlwogRtW-J4vcmZYI,Pinellas County Google Maps Scan,"dentist, pinellas-county, 2026-03-02"
Coast Dental,gandy@coastdental.com,(727) 577-3844,https://www.coastdental.com/dentist-office/st-petersburg-fl-33716?utm_source=gmb&utm_medium=organic,11018 4th St N,33702,Pinellas County,4.3,612,ChIJIatNH33mwogRLmAQC_G4IuE,Pinellas County Google Maps Scan,"dentist, pinellas-county, 2026-03-02"
Bayview Dental,,(727) 522-5554,https://bayviewdental.com/stpete-meadowlawn/,7601 Dr M.L.K. Jr St N Suite A,33702,Pinellas County,4.6,208,ChIJWZ3b7aDmwogRFMTdOHuuA6o,Pinellas County Google Maps Scan,"dentist, pinellas-county, 2026-03-02"
St. Petersburg Oral Surgery & Dental Implants,,(727) 525-5455,https://www.stpeteoralsurgery.com/,7135 Dr M.L.K. Jr St N,33702,Pinellas County,4.9,656,ChIJM6bupKfmwogRCi9s6ykMVmg,Pinellas County Google Maps Scan,"dentist, pinellas-county, 2026-03-02"
Holistic Dentistry and Aesthetics,nstpeteholisticdentist@gmail.com,(727) 575-7805,https://stpeteholisticdentist.com/,8501 Dr M.L.K. Jr St N,33702,Pinellas County,4.8,104,ChIJYWyXhGfnwogRtd000SHkffA,Pinellas County Google Maps Scan,"dentist, pinellas-county, 2026-03-02"
"Dr. Devin Gapstur, D.M.D.",info@drgapstur.com,(727) 576-3319,https://drgapstur.com/,8934 4th St N,33702,Pinellas County,4.7,168,ChIJj60ts_LnwogRXl7eu84vhRc,Pinellas County Google Maps Scan,"dentist, pinellas-county, 2026-03-02"
Dimitrios Tellios DMD,,(727) 521-1616,https://www.smilesbytellios.com/,6345 4th St N,33702,Pinellas County,5,261,ChIJIzPgM67mwogRCWfvKuslrrw,Pinellas County Google Maps Scan,"dentist, pinellas-county, 2026-03-02"
"Janet L. DeVaul, DDS",,(727) 525-8770,https://www.floridadentalcenters.com/,7530 4th St N,33702,Pinellas County,4.6,18,ChIJw4rmP6PmwogRzBYI8iXC3EQ,Pinellas County Google Maps Scan,"dentist, pinellas-county, 2026-03-02"
Smile Design Fourth Street,,(727) 955-2842,https://thesmiledesignfourthstreet.com/,4300 4th St N Ste A,33702,Pinellas County,4.3,491,ChIJ7b67clDhwogRymukoGFTiGs,Pinellas County Google Maps Scan,"dentist, pinellas-county, 2026-03-02"
Carillon Park Dental,,(727) 349-4880,https://www.carillonparkdental.com/?utm_source=gbp&utm_medium=organic&utm_campaign=yext_listing,900 Carillon Pkwy SUITE 307,33702,Pinellas County,4.9,356,ChIJmWpJs8HlwogRFPILgGt5tNg,Pinellas County Google Maps Scan,"dentist, pinellas-county, 2026-03-02"
"Dr. Cody Chase, DDS",p.chasedental@yahoo.com,(727) 527-4955,https://chasedds.com/dr-cody-chase-d-d-s/?utm_source=GBPEprompt,6161 Dr M.L.K. Jr St N Ste 103,33703,Pinellas County,5,408,ChIJk-D5d1vnwogRfaQGI6JJKgE,Pinellas County Google Maps Scan,"dentist, pinellas-county, 2026-03-02"
"Dr. Steven L. Steakley, DDS",steakleydds@aol.com,(727) 822-2283,https://drsteakley.com/,4338 1st St N,33703,Pinellas County,5,221,ChIJ65MvC0_hwogRjtlWDLNUOSE,Pinellas County Google Maps Scan,"dentist, pinellas-county, 2026-03-02"
"Dental Consulting Tampa Bay, LLC",,(216) 247-1345,[32m✓[0m Done,1897 Tanglewood Dr NE,33703,Pinellas County,,0,ChIJD8CD48_nwogRvIyZqpqXE9M,Pinellas County Google Maps Scan,"dentist, pinellas-county, 2026-03-02"
SPOCS Orthodontics,info@spocsorthodontics.com,(727) 242-8000,https://www.spocsorthodontics.com/,3200 4th St N,33703,Pinellas County,5,16,ChIJe1pz8Y3hwogRGonSHqY9cC4,Pinellas County Google Maps Scan,"dentist, pinellas-county, 2026-03-02"
St. Petersburg Free Clinic - Dental Center,communications@thespfc.org,(727) 485-8795 ext. 319,https://thespfc.org/dental-care/,5501 4th St N,33703,Pinellas County,4.4,29,ChIJ-W9zV2nnwogR9hQfnysEoT0,Pinellas County Google Maps Scan,"dentist, pinellas-county, 2026-03-02"
St. Petersburg Dental Studio,,(727) 777-6453,http://www.spdentalstudio.com/,1904 4th St N,33704,Pinellas County,4.8,30,ChIJ1b7O79DhwogRRvko265Kvys,Pinellas County Google Maps Scan,"dentist, pinellas-county, 2026-03-02"
Sage Dental of St. Petersburg at 4th Street,,(727) 485-0882,https://mysagedental.com/st-petersburg?utm_source=Google&utm_medium=Business_Listing,3303 4th St N Suite 200,33704,Pinellas County,,0,ChIJYXxndyXhwogRJXiIHvdevX8,Pinellas County Google Maps Scan,"dentist, pinellas-county, 2026-03-02"
Luis E Martinez DMD PA,,(727) 526-3868,https://www.stpetecosmeticdentistry.com/,3770 16th St N,33704,Pinellas County,5,441,ChIJzUxeGOTjwogRj09duAeY0KY,Pinellas County Google Maps Scan,"dentist, pinellas-county, 2026-03-02"
Signature Family Dental,sfdstpete@gmail.com,(727) 327-4040,https://sfdstpete.com/,4000 5th Ave N,33705,Pinellas County,4.8,169,ChIJbUG-wVTiwogRDRD7msROs7I,Pinellas County Google Maps Scan,"dentist, pinellas-county, 2026-03-02"
Stellar Dental of St. Pete,605a7baede844d278b89dc95ae0a9123@sentry-next.wixpress.com,(727) 323-4003,https://www.stellarfcd.com/,243 32nd St N Suite # A,33705,Pinellas County,4.6,266,ChIJT7PAQkziwogRuq2SnKfSICg,Pinellas County Google Maps Scan,"dentist, pinellas-county, 2026-03-02"
"Crescent Lake Family Dentistry, Damian L Cullom D.D.S.",uc-header@2x.png,(727) 327-7701,https://crescentlakefamilydentistry.com/,2135 Dr M.L.K. Jr St N,33705,Pinellas County,4.9,62,ChIJ67pcX1PiwogRk4n4B7MbXWI,Pinellas County Google Maps Scan,"dentist, pinellas-county, 2026-03-02"
"Lawrence N. Klein, DDS | Dentist | St. Petersburg FL",name@example.com,(727) 894-3065,https://www.dentalphobics.com/,2000 5th Ave N,33705,Pinellas County,4.9,175,ChIJj4kHSs3jwogR5YBSqrh-RkA,Pinellas County Google Maps Scan,"dentist, pinellas-county, 2026-03-02"
Keenan Family Dental,mymail@mailservice.com,(727) 321-9610,https://www.keenanfamilydental.com/,3820 5th Ave N unit B,33705,Pinellas County,4.9,119,ChIJKRufJwnjwogRNL8wNyLtOn8,Pinellas County Google Maps Scan,"dentist, pinellas-county, 2026-03-02"
Century Dental - Dr. Abdullah M. Allawnha,info@centurydental.org,(727) 367-3313,https://centurydental.org/,617 75th Ave,33706,Pinellas County,4.9,723,ChIJI9rvLFz9wogRFWPNrm1nwVk,Pinellas County Google Maps Scan,"dentist, pinellas-county, 2026-03-02"
Coast Dental,pasadena@coastdental.com,(727) 384-9655,https://www.coastdental.com/dentist-office/st-petersburg-fl-33707?utm_source=gmb&utm_medium=organic,6882 Gulfport Blvd S,33706,Pinellas County,4.4,625,ChIJI737RzX9wogRJENgAaM8izs,Pinellas County Google Maps Scan,"dentist, pinellas-county, 2026-03-02"
Dental Arts St. Pete Beach,,(727) 220-4858,https://dentalarts.dental/?utm_source=google+business&utm_medium=organic&utm_campaign=main+website&utm_term=spb,511 76th Ave,33706,Pinellas County,4.5,571,ChIJD0SIQ1z9wogRw3iEPSNThqk,Pinellas County Google Maps Scan,"dentist, pinellas-county, 2026-03-02"
Pier Dental,info@pierdental.net,(727) 363-6169,https://pierdental.net/,8351 Blind Pass Rd,33706,Pinellas County,5,142,ChIJyRRz_mz9wogRZ82iAFpyTn0,Pinellas County Google Maps Scan,"dentist, pinellas-county, 2026-03-02"
Sonrise Dental,info@sonrisedental.com,(727) 343-2438,https://www.sonrisedental.com/,2525 Pasadena Ave S Suite A,33706,Pinellas County,5,622,ChIJb9HPuy7jwogRIhzEi6wgmW4,Pinellas County Google Maps Scan,"dentist, pinellas-county, 2026-03-02"
Drs Resnick & Quesada - Fox Family Dental,nfrontdesk@drvqf.com,(727) 347-6450,https://www.resnickfamilydental.com/,6450 Central Ave,33706,Pinellas County,4.7,6,ChIJscz6Q9DiwogRS5aqxNmxNlY,Pinellas County Google Maps Scan,"dentist, pinellas-county, 2026-03-02"
Great Expressions Dental Centers - Pasadena,,(727) 213-8728,https://www.greatexpressions.com/dental-offices/dentist-in-saint-petersburg-florida/,1458 66th St N,33706,Pinellas County,4.4,686,ChIJn1CMZtLiwogRSKo5FVCweHY,Pinellas County Google Maps Scan,"dentist, pinellas-county, 2026-03-02"
"Champagne Dental, George E. Hitzel DDS & Associates",vbuno@hitzeldental.com,(727) 308-6236,https://champagnedentalcare.com/,6658 1st Ave S St,33706,Pinellas County,4.8,802,ChIJafioEdLiwogR6DuU1UHmH6c,Pinellas County Google Maps Scan,"dentist, pinellas-county, 2026-03-02"
Maldonado Dentistry,frontdesk@maldonadodentistry.com,(727) 360-1244,https://maldonadodentistry.com/?utm_source=google&utm_medium=gbp&utm_campaign=google_business,201 107th Ave,33706,Pinellas County,4.9,133,ChIJBewKHBD9wogRPhZwzM4yqQU,Pinellas County Google Maps Scan,"dentist, pinellas-county, 2026-03-02"
"Aspen Dental - Saint Petersburg, FL",,(727) 322-4576,https://www.aspendental.com/dentist/fl/saint-petersburg/4045-tyrone-blvd-suite-201/?utm_source=googleplaces&utm_medium=lociqgoogleplaces&utm_campaign=Saint-Petersburg%2CFL-Saint-Petersburg_FL-2341&utm_content=listing,4045 Tyrone Blvd N Suite 201,33706,Pinellas County,4.3,928,ChIJx21pQXDhwogRZxQhfccKPVA,Pinellas County Google Maps Scan,"dentist, pinellas-county, 2026-03-02"
"Rosemarie Marquez, DMD, PA: St. Pete Oral Health Center",info@stpeteoralhealthcenter.com,(727) 345-1774,https://www.stpeteoralhealthcenter.com/,6700 Crosswinds Dr N #100c,33706,Pinellas County,5,211,ChIJJ2aRsy3jwogRcxNui9II7vw,Pinellas County Google Maps Scan,"dentist, pinellas-county, 2026-03-02"
Pelican Dental: Logan D. Poff DMD,pelicandental200@outlook.com,(727) 347-1214,https://pelicandentalflorida.com/,200 Pasadena Ave S,33706,Pinellas County,5,509,ChIJValSZJzjwogRWDdfNj1cWhY,Pinellas County Google Maps Scan,"dentist, pinellas-county, 2026-03-02"
"Dr. Ryan T. Leaman, DDS",,(727) 345-5751,http://www.leamanfamilydental.com/home.html,7139 1st Ave S,33706,Pinellas County,5,629,ChIJlRZAcSnjwogRxCqXhPVKosQ,Pinellas County Google Maps Scan,"dentist, pinellas-county, 2026-03-02"
"Kurt K. Weber, DDS PA",Docdockw@gmail.com,(727) 867-3400,https://www.kurtweberdds.com/,5901 Sun Blvd # 115,33706,Pinellas County,4.9,175,ChIJa6CQ2zQdw4gRli2XAj33f_A,Pinellas County Google Maps Scan,"dentist, pinellas-county, 2026-03-02"
Reddy Dental,sanishreddy@gmail.com,(727) 855-7608,https://reddydentalfl.com/,6751 1st Ave S,33706,Pinellas County,5,7,ChIJM48IqzvjwogRlzz5K3IlYHU,Pinellas County Google Maps Scan,"dentist, pinellas-county, 2026-03-02"
St. Pete Smiles,drbracy@stpetesmiles.com,(727) 343-0824,https://www.stpetesmiles.com/,7755 38th Ave N,33706,Pinellas County,4.9,231,ChIJY3BUirf8wogR9NAh172g4SA,Pinellas County Google Maps Scan,"dentist, pinellas-county, 2026-03-02"
Resnick Jerrold DDS,nfrontdesk@drvqf.com,(727) 347-6450,https://www.resnickfamilydental.com/,6450 Central Ave,33706,Pinellas County,4.6,10,ChIJscz6Q9DiwogRn_6coBe0QV8,Pinellas County Google Maps Scan,"dentist, pinellas-county, 2026-03-02"
Spilman Dentistry: Jeffery A. Spilman DDS & Clayton A. Spilman DMD,,(727) 321-1427,https://www.spilmandentistry.com/,4899 5th Ave N,33706,Pinellas County,5,796,ChIJAeWICv3iwogRdlayrE-p8Eg,Pinellas County Google Maps Scan,"dentist, pinellas-county, 2026-03-02"
Mevoli & Hancock Family Dentistry,info@mevolihancockdental.com,(727) 541-5606,https://www.mevolihancockdental.com/,5415 Park St N suite a,33706,Pinellas County,4.5,46,ChIJUe5QyqP8wogR9Dyca6Ep7Q8,Pinellas County Google Maps Scan,"dentist, pinellas-county, 2026-03-02"
Affordable Dentist Brooklyn,,,[32m✓[0m Done,5200 4th Ave S,33707,Pinellas County,1,1,ChIJH05VIwDjwogRFe_uM6xxpcA,Pinellas County Google Maps Scan,"dentist, pinellas-county, 2026-03-02"
Green Bench Dental,,(727) 381-2809,https://www.stpetegentledentist.com/,1015 58th St N,33707,Pinellas County,5,317,ChIJxcmmmR_jwogRgX2_vPX8baE,Pinellas County Google Maps Scan,"dentist, pinellas-county, 2026-03-02"
St. Pete Modern Dentistry,mail@yourdomain.com,(727) 954-4431,http://www.stpetemoderndentistry.com/,5500 1st Ave N,33707,Pinellas County,4.8,413,ChIJxWLZmubiwogRhyA5re-u2Fk,Pinellas County Google Maps Scan,"dentist, pinellas-county, 2026-03-02"
The Smile Mission - St Petersburg,saintpetersburg@thesmilemission.com,(727) 217-6811,https://thesmilemission.com/saintpetersburg/,2950 34th St S,33707,Pinellas County,4.9,375,ChIJ09dZNi3jwogR6Cbps4ajsH8,Pinellas County Google Maps Scan,"dentist, pinellas-county, 2026-03-02"
Duhon Dental,matt@pixelspread.com,(727) 347-4392,https://duhondental.co/,224 Pasadena Ave S,33707,Pinellas County,4.8,51,ChIJX2yG9LfjwogR1lIPxlVK-_A,Pinellas County Google Maps Scan,"dentist, pinellas-county, 2026-03-02"
"Dr. Kathryn C. McClintock, DDS",nmcclintockdds@gmail.com,(727) 391-1963,https://www.madeirabeachdentist.com/,15215 Gulf Blvd,33708,Pinellas County,5,207,ChIJw4bMxT78wogRwntnJOBCQrk,Pinellas County Google Maps Scan,"dentist, pinellas-county, 2026-03-02"
Seminole Dentistry,,(727) 666-7334,https://myseminoledentistry.com/,7730 Starkey Rd,33708,Pinellas County,4.9,1154,ChIJoXxOgev7wogR_wJsZ9NUaYU,Pinellas County Google Maps Scan,"dentist, pinellas-county, 2026-03-02"
Boulevard Dental,,(727) 308-6224,https://www.boulevard-dental.com/,8475 Seminole Blvd,33708,Pinellas County,5,864,ChIJZVMMvJn7wogRX04dVuUeGNM,Pinellas County Google Maps Scan,"dentist, pinellas-county, 2026-03-02"
Gulf Breeze Dental,,(727) 391-0109,[32m✓[0m Done,5481 Seminole Blvd,33708,Pinellas County,4.8,43,ChIJiXmNRXr8wogRNUGywiYHVvQ,Pinellas County Google Maps Scan,"dentist, pinellas-county, 2026-03-02"
Schweiger Anthony J DMD,,(727) 391-8330,[32m✓[0m Done,100 153rd Ave,33708,Pinellas County,5,37,ChIJp2Wf8j78wogRVbkWBeK5IYc,Pinellas County Google Maps Scan,"dentist, pinellas-county, 2026-03-02"
Mantione & Mantione Dental PA,,(727) 393-7771,https://takecareofyoursmile.weebly.com/,5320 Duhme Rd,33708,Pinellas County,4.9,13,ChIJ_0GNmWz7wogRwUBpeEUzD6U,Pinellas County Google Maps Scan,"dentist, pinellas-county, 2026-03-02"
Monticciolo Family & Sedation Dentistry,,(813) 336-8478,https://happydentistry.com/,8381 Seminole Blvd,33708,Pinellas County,4.5,529,ChIJQ7tfK2j7wogRouUfbJ-9RR8,Pinellas County Google Maps Scan,"dentist, pinellas-county, 2026-03-02"
UF Health St. Petersburg Dental Center,,(727) 893-5050,https://ufhealth.org/locations/uf-health-st-petersburg-dental-center?utm_source=pg-google&utm_medium=organic&utm_campaign=pg-listings,C.W. Bill Young University Partnership Center Building,33708,Pinellas County,3.4,63,ChIJ_SWhb7_7wogRKtMm7QN0qLo,Pinellas County Google Maps Scan,"dentist, pinellas-county, 2026-03-02"
"Seminole Shores Dental Care - Dentist, Dental Implants & Emergencies",,(727) 397-6611,https://seminoleshoresdental.com/?utm_source=GMB&utm_medium=organic&utm_campaign=DevOptimization&utm_content=Website,7676 131st St N,33708,Pinellas County,4.9,171,ChIJIdi5RP37wogRmdE4HSAjojw,Pinellas County Google Maps Scan,"dentist, pinellas-county, 2026-03-02"
Seminole Dental,seminoledental@tampabay.rr.com,(727) 398-0085,https://seminoledental.com/,11240 Park Blvd,33708,Pinellas County,4.9,117,ChIJ7W5Cco77wogRWQZIDndLtlQ,Pinellas County Google Maps Scan,"dentist, pinellas-county, 2026-03-02"
E Dental,info@edentalonline.com,(727) 231-6459,https://edentalonline.com/,6019 Seminole Blvd,33708,Pinellas County,4.9,292,ChIJ2fRlsXn8wogRmZfLSX_OeFM,Pinellas County Google Maps Scan,"dentist, pinellas-county, 2026-03-02"
Seminole Family Dental Care,hello@dream-theme.com,(727) 397-6673,https://seminoledentalcare.com/,7895 Seminole Blvd #202,33708,Pinellas County,5,88,ChIJNY3E7Zr7wogRjfiZX5zT8y0,Pinellas County Google Maps Scan,"dentist, pinellas-county, 2026-03-02"
Seminole Premier Dental,Info@seminolepremierdental.com,(727) 289-5034,https://www.seminolepremierdental.com/?utm_campaign=gmb,13100 Park Blvd D,33708,Pinellas County,4.9,491,ChIJpR4teu37wogR9cGon3oopLw,Pinellas County Google Maps Scan,"dentist, pinellas-county, 2026-03-02"
Innovative Dental Solutions of Seminole,IDSofSeminole@gmail.com,(727) 391-0269,https://idsofseminole.com/index.html,7603 Seminole Blvd Ste B,33708,Pinellas County,4.8,117,ChIJ-5iyMoX7wogR0uUTuPpgpA4,Pinellas County Google Maps Scan,"dentist, pinellas-county, 2026-03-02"
Djuric Amira DDS,,(727) 394-0557,http://www.djuricadds.com/,8000 Seminole Blvd Suite #7,33708,Pinellas County,4.7,51,ChIJCWDnYJr7wogRJJ36drTXXw4,Pinellas County Google Maps Scan,"dentist, pinellas-county, 2026-03-02"
Contemporary Dental Arts,tskarkare20@hotmail.com,(727) 393-1133,https://www.contemporarydentalarts.net/,10700 Johnson Blvd #4,33708,Pinellas County,3.7,35,ChIJaXdh1o_7wogRdAbOSbknTjo,Pinellas County Google Maps Scan,"dentist, pinellas-county, 2026-03-02"
"Dr. Jenna D. Godwin, D.M.D. Oral and Maxillofacial Surgery",Frontdesk@oralsurgerytampabay.com,(727) 397-8500,https://oralsurgerytampabay.com/,8277 113th St North,33708,Pinellas County,4.9,302,ChIJzzaG9JP7wogRyprLoqnNbA8,Pinellas County Google Maps Scan,"dentist, pinellas-county, 2026-03-02"
NuSmile Dental,,(727) 325-2866,https://www.nusmiledentalfl.com/?utm_source=maps&utm_medium=organic&utm_campaign=PDM+seminole+fl&utm_content=website,7871 113th St North c,33708,Pinellas County,4.6,453,ChIJx3BFqFD5wogRyCMxjcWymzw,Pinellas County Google Maps Scan,"dentist, pinellas-county, 2026-03-02"
Confident Smile Dentistry,fancybox_sprite@2x.png,(727) 545-9590,https://www.confidentsmiledentistry.com/,5265 Park Blvd #100,33709,Pinellas County,4.8,1011,ChIJ3RZv8ZDkwogRpdsZkAs1JAM,Pinellas County Google Maps Scan,"dentist, pinellas-county, 2026-03-02"
Creating Smiles Dental,chosen-sprite@2x.png,(727) 476-4650,https://creating-smiles.com/?utm_source=google.com&utm_medium=business+profile&utm_campaign=,3388 49th Street N,33709,Pinellas County,4.9,418,ChIJXYn7bVHiwogRwB4-RV-QdfA,Pinellas County Google Maps Scan,"dentist, pinellas-county, 2026-03-02"
"Bright Now! Dental & Orthodontics - Pinellas Park, FL",chosen-sprite@2x.png,(727) 545-3800,https://www.brightnow.com/dental-office/pinellas-park-dentist/21240/?utm_source=generic&utm_medium=profiles&utm_campaign=local_profiles,7886 US Hwy 19 N,33709,Pinellas County,4.2,542,ChIJp_puP2HkwogRr3Kz4eWKDEA,Pinellas County Google Maps Scan,"dentist, pinellas-county, 2026-03-02"
Florida Dental Centers - Pinellas Park,,(727) 546-4665,https://www.floridadentalcenters.com/dentist-office/pinellas-park-fl-33781,7000 66th St N,33709,Pinellas County,4.8,829,ChIJeanjhq7kwogR2UkOyRDIVa8,Pinellas County Google Maps Scan,"dentist, pinellas-county, 2026-03-02"
Greenberg Dental & Orthodontics,,(727) 547-3603,https://www.greenbergdental.com/offices/st-petersburg-central/,3711 49th Street N,33709,Pinellas County,4,633,ChIJUQF_r3PjwogRdgyef7xE3E4,Pinellas County Google Maps Scan,"dentist, pinellas-county, 2026-03-02"
"Aspen Dental - Pinellas Park, FL",,(727) 341-5171,https://www.aspendental.com/dentist/fl/pinellas-park/4030-park-blvd-n/?utm_source=googleplaces&utm_medium=lociqgoogleplaces&utm_campaign=Pinellas-Park%2CFL-Pinellas-Park_FL-2380&utm_content=listing,4030 Park Blvd,33709,Pinellas County,4.3,1033,ChIJY2kX6GLkwogRrLwlN4nwqCE,Pinellas County Google Maps Scan,"dentist, pinellas-county, 2026-03-02"
Today's Dental,info@todaysdentalonline.com,(727) 547-6453,https://todaysdentalonline.com/,6030 Park Blvd,33709,Pinellas County,4.9,277,ChIJr4HM0bzkwogRWTc2lU4IfMc,Pinellas County Google Maps Scan,"dentist, pinellas-county, 2026-03-02"
Shiny Happy Smiles Pediatric Dentistry & Orthodontics St. Petersburg,info@shinyhappysmiles.com,(727) 577-4911,https://www.shinyhappysmiles.com/,11201 Corporate Cir Suite 160,33709,Pinellas County,5,261,ChIJt6VuhdPlwogRbqBGZhDWX4k,Pinellas County Google Maps Scan,"dentist, pinellas-county, 2026-03-02"
"Dental Dimensions: Jason M. Olvera, DDS",jolvera@tampabay.rr.com,(727) 384-3535,https://www.gentlestpetedentist.com/?utm_source=local&utm_medium=organic&utm_campaign=gmb,6601 31st Terrace N #3109,33710,Pinellas County,4.7,57,ChIJLa-4hjbjwogRYfjK8KEwarU,Pinellas County Google Maps Scan,"dentist, pinellas-county, 2026-03-02"
Ruban Dental,,(727) 347-5525,https://rubandental.com/,3098 66th St N,33710,Pinellas County,4.9,137,ChIJJ6UpQKbjwogRxGMddunA4o8,Pinellas County Google Maps Scan,"dentist, pinellas-county, 2026-03-02"
Sunshine City Dentistry,office@sunshinecitydentistry.com,(727) 384-4151,https://www.sunshinecitydentistry.com/,5762 1st Ave N,33710,Pinellas County,5,382,ChIJVc9JcufiwogR8tM6kKIrGDg,Pinellas County Google Maps Scan,"dentist, pinellas-county, 2026-03-02"
Monticciolo Family & Sedation Dentistry,,(813) 336-8478,https://happydentistry.com/,4850 1st Ave N,33710,Pinellas County,4.4,437,ChIJw6WqofviwogRSYaM1z1V1-Y,Pinellas County Google Maps Scan,"dentist, pinellas-county, 2026-03-02"
Tague Dental Care,,(727) 381-3535,https://www.taguedentalcare.com/,3325 66th St N,33710,Pinellas County,5,138,ChIJUarksy7jwogRruFW9EPUrq4,Pinellas County Google Maps Scan,"dentist, pinellas-county, 2026-03-02"
Smile St. Pete Dentistry,Info@smilestpetedentistry.com,(727) 321-4464,https://www.smilestpetedentistry.com/,4464 Central Ave,33710,Pinellas County,5,232,ChIJR-9X_fjiwogRMa7GnnLYAMk,Pinellas County Google Maps Scan,"dentist, pinellas-county, 2026-03-02"
Pezzella Family Dentistry,Info@PezzellaFamilyDentistry.com,(727) 381-7888,https://www.pezzellafamilydentistry.com/,901 Tyrone Blvd N,33710,Pinellas County,4.9,53,ChIJYxFtFiDjwogReH2a9qpmEys,Pinellas County Google Maps Scan,"dentist, pinellas-county, 2026-03-02"
Bayway Dental,flags@2x.webp,(727) 914-2707,https://dentiststpetefl.com/?utm_campaign=gmb,5008 34th St S,33711,Pinellas County,4.7,286,ChIJkcQToY8dw4gRr-Zw_fzehp8,Pinellas County Google Maps Scan,"dentist, pinellas-county, 2026-03-02"
Feather Sound Smiles,,(727) 561-0800,https://fssmiles.com/,112 Main St N,33711,Pinellas County,4.9,1278,ChIJFzk8Y-rlwogRHbKaZvupBUc,Pinellas County Google Maps Scan,"dentist, pinellas-county, 2026-03-02"
Emergency Dental Care,,(727) 591-9589,[32m✓[0m Done,907 Central Ave,33712,Pinellas County,,0,ChIJrS9Bg1rhwogRg33vb3ZXZXQ,Pinellas County Google Maps Scan,"dentist, pinellas-county, 2026-03-02"
Rowe Michael w DDS,,(727) 327-7151,https://www.drroweortho.com/,3860 5th Ave N,33712,Pinellas County,4.7,48,ChIJHc-OW1PiwogRgFhAkFawXjM,Pinellas County Google Maps Scan,"dentist, pinellas-county, 2026-03-02"
Grand Central Smiles,info@grandcentralsmiles.com,(727) 327-5561,https://grandcentralsmiles.com/,1955 1st Ave N #101,33713,Pinellas County,4.9,155,ChIJAx40y6XjwogRYzoKUcCCWzg,Pinellas County Google Maps Scan,"dentist, pinellas-county, 2026-03-02"
Affordable Dentures & Implants,communications@affordablecare.com,(765) 715-5359,https://www.affordabledentures.com/locations/fl/st-petersburg?utm_source=GMB&utm_medium=Organic_Listing&utm_campaign=20256,1965 34th St N,33713,Pinellas County,4.7,861,ChIJ6cKBgLrjwogRHTjmtueKduc,Pinellas County Google Maps Scan,"dentist, pinellas-county, 2026-03-02"
Great Expressions Dental Centers - Pinellas Park,,(727) 213-8693,https://www.greatexpressions.com/dental-offices/dentist-in-pinellas-park-florida/,5002 73rd Ave N,33714,Pinellas County,4.5,670,ChIJR1ZV4I_kwogRmlvkmNulqnI,Pinellas County Google Maps Scan,"dentist, pinellas-county, 2026-03-02"
Tampa Bay Endodontics,,(727) 328-7929,https://www.tampabayendodontics.net/,2201 49th Street N,33715,Pinellas County,4.5,82,ChIJZSLjnw_jwogRAuxlG3IPQdM,Pinellas County Google Maps Scan,"dentist, pinellas-county, 2026-03-02"
St Petersburg Dental Center,09010@nadentalgroup.com,(727) 572-4063,https://www.stpetersburgdental.com/clearwater?y_source=1_MTQwNDUxODAtNzE1LWxvY2F0aW9uLndlYnNpdGU%3D,2685 Ulmerton Rd # 103,33716,Pinellas County,4.8,395,ChIJWVsl_b_lwogRmMDDmYKhLdM,Pinellas County Google Maps Scan,"dentist, pinellas-county, 2026-03-02"
Clearwater Family Dental,,(727) 265-3553,https://www.myclearwaterfamilydental.com/,215 S Myrtle Ave,33755,Pinellas County,4.7,982,ChIJbYgVo8LwwogRsu5h8eTT564,Pinellas County Google Maps Scan,"dentist, pinellas-county, 2026-03-02"
Sunset Point Dental - Clearwater,sunsetpointdental@gmail.com,(727) 228-8094,https://sunsetpointdental.com/?utm_source=GMBListing&utm_medium=Organic,2376 Sunset Point Rd,33755,Pinellas County,4.9,536,ChIJ_5cwjrPxwogRuVdbeUIZ5v0,Pinellas County Google Maps Scan,"dentist, pinellas-county, 2026-03-02"
Beyond Dentistry Clearwater,admin@beyonddentistryfl.com,(727) 304-1620,https://beyonddentistryfl.com/,2701 Park Dr #4,33755,Pinellas County,5,444,ChIJE6V6Th7zwogRPQWX29X7Z5U,Pinellas County Google Maps Scan,"dentist, pinellas-county, 2026-03-02"
Clearwater Dentist,frontdesk@clearwaterdentist.com,(727) 758-0243,https://www.clearwaterdentist.com/?utm_source=google&utm_medium=organic&utm_campaign=gbp,1700 McMullen Booth Rd Suite A1,33755,Pinellas County,4.9,606,ChIJddsi0kbuwogRVbiZCHZSQ3s,Pinellas County Google Maps Scan,"dentist, pinellas-county, 2026-03-02"
Clearwater Dental Associates,,(727) 797-8800,https://www.cdadental.com/?utm_source=google&utm_medium=organic&utm_campaign=google_my_business,2226 Druid Rd,33755,Pinellas County,4.9,1273,ChIJo-Oh5C_wwogRHyA9iOKK-QQ,Pinellas County Google Maps Scan,"dentist, pinellas-county, 2026-03-02"
Shore Lake Dental - Clearwater,,(727) 586-1402,https://shorelakedental.com/,1745 S Highland Ave suite 6w,33755,Pinellas County,5,137,ChIJgVgszTfxwogR2Bz46b60pl8,Pinellas County Google Maps Scan,"dentist, pinellas-county, 2026-03-02"
The Dentist Place of Clearwater,,(727) 300-8486,https://dentistplace.com/,250 N Belcher Rd. STE 100,33755,Pinellas County,4.9,505,ChIJc0608_7twogRLflM5qJrNNk,Pinellas County Google Maps Scan,"dentist, pinellas-county, 2026-03-02"
Sunset Family Dentistry,Frontdesk@sunsetfamilydentist.com,(727) 791-8823,https://www.sunsetfamilydentist.com/,1831 N Belcher Rd. STE F3,33755,Pinellas County,5,98,ChIJ--EOHy3xwogRSlbnOKvq6oM,Pinellas County Google Maps Scan,"dentist, pinellas-county, 2026-03-02"
Florida Dental Centers - Clearwater,,(727) 462-5555,https://www.floridadentalcenters.com/dentist-office/clearwater-fl-33765,2194 Drew St,33755,Pinellas County,4.6,603,ChIJVxvmS83xwogRrmZwEg0izcs,Pinellas County Google Maps Scan,"dentist, pinellas-county, 2026-03-02"
"Andrew J. Holloman, DDS & Associates: Clearwater FL Dentistry",,(727) 353-6102,https://www.clearwaterfldentistry.com/?utm_campaign=gmb,2127 NE Coachman Rd,33755,Pinellas County,4.9,400,ChIJBSvuRWLwwogR0AhZ1j5o9qE,Pinellas County Google Maps Scan,"dentist, pinellas-county, 2026-03-02"
Clearwater Dentistry,,(727) 233-3030,https://myclearwaterdentistry.com/,3006 Gulf to Bay Blvd,33755,Pinellas County,4.9,1362,ChIJHeJ25rXvwogR7JV0zkxCel8,Pinellas County Google Maps Scan,"dentist, pinellas-county, 2026-03-02"
"Bright Now! Dental & Orthodontics - Clearwater, FL (Countryside)",chosen-sprite@2x.png,(727) 723-3357,https://www.brightnow.com/dental-office/clearwater-dentist/21210/?utm_source=generic&utm_medium=profiles&utm_campaign=local_profiles,27066 US Hwy 19 N,33755,Pinellas County,4.4,433,ChIJD0NURwHywogR_02c6Bffa1o,Pinellas County Google Maps Scan,"dentist, pinellas-county, 2026-03-02"
Clearwater Smiles,,(727) 446-7013,https://clearwatersmiles.com/,1603 S Highland Ave,33755,Pinellas County,4.8,121,ChIJd5FN32PwwogR9Y7qbjBHBQo,Pinellas County Google Maps Scan,"dentist, pinellas-county, 2026-03-02"
"Missouri Gardens Dental - Dental Implants, Cosmetic & General Dentist",,(727) 461-4832,https://missourigardensdental.com/?utm_source=GMB&utm_medium=organic&utm_campaign=DevOptimization&utm_content=Website,15 N Missouri Ave,33755,Pinellas County,4.9,402,ChIJCbimw_zwwogR9MH6HPLgELg,Pinellas County Google Maps Scan,"dentist, pinellas-county, 2026-03-02"
Smile Design Countryside,,(727) 761-2698,https://thesmiledesigncountryside.com/,2515 Countryside Blvd Ste A,33755,Pinellas County,4.6,430,ChIJhzkQEv_xwogRSZnKLNh0N48,Pinellas County Google Maps Scan,"dentist, pinellas-county, 2026-03-02"
"Bright Now! Dental & Orthodontics - Clearwater, FL (Gulf to Bay)",chosen-sprite@2x.png,(727) 443-0844,https://www.brightnow.com/dental-office/clearwater-dentist/21020/?utm_source=generic&utm_medium=profiles&utm_campaign=local_profiles,2094 Gulf to Bay Blvd,33755,Pinellas County,4.2,480,ChIJOznN5TbwwogRCZSSlnIVQtQ,Pinellas County Google Maps Scan,"dentist, pinellas-county, 2026-03-02"
Suncoast Dental Arts,,(727) 441-3523,https://www.suncoastdentalarts.com/,1651 Rainbow Dr,33755,Pinellas County,5,474,ChIJXya3llHwwogRBnrGPfgJf3M,Pinellas County Google Maps Scan,"dentist, pinellas-county, 2026-03-02"
Dental Arts Clearwater,,(727) 446-7332,https://dentalarts.dental/?utm_source=google+business&utm_medium=organic&utm_campaign=main+website&utm_term=clearwater,1201 S Highland Ave STE 3,33755,Pinellas County,4.7,481,ChIJGTT8sGPwwogRKmACCe-Ati0,Pinellas County Google Maps Scan,"dentist, pinellas-county, 2026-03-02"
Natural & Cosmetic Dentistry,,(727) 888-6523,https://naturalandcosmeticdentistry.com/,1825 Sunset Point Rd,33755,Pinellas County,4.7,430,ChIJC7eWewPywogRiORbYbqxI5o,Pinellas County Google Maps Scan,"dentist, pinellas-county, 2026-03-02"
Northwood Dental,info@northwooddental.com,(727) 477-9911,https://clearwater-dentistry.com/?utm_source=google&utm_medium=organic&utm_campaign=gbp,3023 Eastland Blvd building h suite 112,33755,Pinellas County,4.9,1296,ChIJ-xJDxN_twogRgblXB9KDs9A,Pinellas County Google Maps Scan,"dentist, pinellas-county, 2026-03-02"
Dental Experts of Florida Clearwater,SunCity@dentalexpertsfl.com,(727) 477-2890,https://www.dentalexpertsfl.com/,2045 Gulf to Bay Blvd,33756,Pinellas County,4.9,10,ChIJx_k5CfTxwogRlP91iw0YbZo,Pinellas County Google Maps Scan,"dentist, pinellas-county, 2026-03-02"
Evara Health,red@2x.png,(727) 824-8181,https://evarahealth.org/,702 Jasmine Way,33756,Pinellas County,3.6,48,ChIJ318g-OjwwogRv0D26B78buo,Pinellas County Google Maps Scan,"dentist, pinellas-county, 2026-03-02"
Community Dental Clinic,info@ndiscovered.com,(727) 216-6155,https://communitydtlclinic.org/,1390 S Missouri Ave,33756,Pinellas County,4.6,115,ChIJW4ESyJPwwogRKvmL5dzeUeQ,Pinellas County Google Maps Scan,"dentist, pinellas-county, 2026-03-02"
"Aspen Dental - Clearwater, FL",,(727) 214-2845,https://www.aspendental.com/dentist/fl/clearwater/2607-gulf-to-bay-blvd-ste-1730/?utm_source=googleplaces&utm_medium=lociqgoogleplaces&utm_campaign=Clearwater%2CFL-Clearwater_FL-4339&utm_content=listing,2607 Gulf to Bay Blvd Ste 1730,33756,Pinellas County,4.4,280,ChIJwbkQnAXvwogRrgYXexfaB_U,Pinellas County Google Maps Scan,"dentist, pinellas-county, 2026-03-02"
Countryside Dental Group,mail@theresakohlberg.com,(727) 669-2887,http://www.theresakohlberg.com/,2165 Palmetto St,33756,Pinellas County,4.8,77,ChIJL3Bri87xwogRh2mfOiDkZ4w,Pinellas County Google Maps Scan,"dentist, pinellas-county, 2026-03-02"
Evara Health at Clearwater,red@2x.png,(727) 824-8181,https://evarahealth.org/,707 Druid Rd,33756,Pinellas County,2.6,274,ChIJX9i2UOzwwogRX_Fti3rIL98,Pinellas County Google Maps Scan,"dentist, pinellas-county, 2026-03-02"
Champagne Dental,vbuno@hitzeldental.com,(727) 624-0610,https://champagnedentalcare.com/,1330 S Belcher Rd,33756,Pinellas County,4.7,930,ChIJzR8-xzzwwogRFRF7ErfwRCk,Pinellas County Google Maps Scan,"dentist, pinellas-county, 2026-03-02"
Dr Bee Pediatric Dentistry,SanAntonio@drbeepd.com,(727) 310-0410,https://drbeepd.com/,1180 Ponce De Leon Blvd STE 401,33756,Pinellas County,4.8,215,ChIJi7xFlK3xwogRKfifq5ynJ9c,Pinellas County Google Maps Scan,"dentist, pinellas-county, 2026-03-02"
Soni Smiles - General and Implant Dentistry - Dentist Clearwater,info@sonismiles.net,(727) 939-6370,https://sonismiles.net/?utm_source=GMB&utm_medium=Organic&utm_campaign=GMBListing,1511 Lakeview Rd,33756,Pinellas County,4.8,362,ChIJcZDT3ljwwogR1SA5Z20RLCM,Pinellas County Google Maps Scan,"dentist, pinellas-county, 2026-03-02"
Causeway Dentistry,,(727) 791-1450,https://www.causewaydentistry.com/?utm_source=local&utm_medium=organic&utm_campaign=gmb_home,2535 Landmark Dr #104,33759,Pinellas County,4.9,403,ChIJm_tb3t_twogRvFAaiZV1po0,Pinellas County Google Maps Scan,"dentist, pinellas-county, 2026-03-02"
Clearwater Modern Dentistry,,(727) 286-3588,https://www.clearwatermoderndentistry.com/?sc_cid=GBP%3AO%3AGP%3A675%3AOrganic_Search%3AGeneral%3Ana&_vsrefdom=organic_gbp&y_source=1_MjEwMTg5MTUtNzE1LWxvY2F0aW9uLndlYnNpdGU%3D,2544 McMullen Booth Rd,33759,Pinellas County,4.8,562,ChIJxb1527HtwogRlptrabkAhDk,Pinellas County Google Maps Scan,"dentist, pinellas-county, 2026-03-02"
Comfortable Care Dental,,(727) 609-8926,https://dentistinclearwater.com/?utm_source=gbp&utm_medium=organic&utm_campaign=yext_listing,2532 FL-580 Suite F,33759,Pinellas County,4.7,866,ChIJBYAL4AHywogRJDoasCITk4Q,Pinellas County Google Maps Scan,"dentist, pinellas-county, 2026-03-02"
"Dr. Natasha Radosavljevic, DDS",,(727) 796-2427,https://www.clearwaterflcompletedentistry.com/?utm_source=GMBlisting&utm_medium=organic,25400 US Hwy 19 N #199,33759,Pinellas County,4.9,288,ChIJOSw8QgPuwogRXEfUtxHCY9I,Pinellas County Google Maps Scan,"dentist, pinellas-county, 2026-03-02"
"Dr. John M. Bindeman, DDS",,(727) 725-9958,http://www.johnbindemandds.com/misc/pgNotFound.html,1530 McMullen Booth Rd Suite D/5,33759,Pinellas County,4.8,90,ChIJvWTTjEbuwogRji-oxMnNssM,Pinellas County Google Maps Scan,"dentist, pinellas-county, 2026-03-02"
Bayview Dental,,(727) 725-3279,https://bayviewdental.com/clearwater-countryside/,2519 McMullen Booth Rd Ste 201,33759,Pinellas County,4.9,250,ChIJ-R6KIHbuwogRfKDcdaYmQ-g,Pinellas County Google Maps Scan,"dentist, pinellas-county, 2026-03-02"
Crossland Dental,chosen-sprite@2x.png,(727) 791-9393,https://www.crosslanddental.com/?utm_source=generic&utm_medium=profiles&utm_campaign=local_profiles,3001 Enterprise Rd E,33759,Pinellas County,4.9,59,ChIJY98DSXXuwogR65XYvq-ZhQA,Pinellas County Google Maps Scan,"dentist, pinellas-county, 2026-03-02"
Boulevard Dental,,(727) 758-2898,https://www.boulevard-dental.com/,2725 Park Dr #1,33759,Pinellas County,5,815,ChIJmbOghATywogR-GTJ7ovndY0,Pinellas County Google Maps Scan,"dentist, pinellas-county, 2026-03-02"
Dental Walk-In Clinic,contactinfo@rola.com,(727) 533-9199,https://dentalwalkin.com/,1030 S Belcher Rd,33760,Pinellas County,4.6,622,ChIJrXXUkLr6wogRRKZZ0O8-pEY,Pinellas County Google Maps Scan,"dentist, pinellas-county, 2026-03-02"
Advanced Dental Care of Clearwater,,(727) 314-7559,https://www.adc-fl.com/dentist-office/largo-fl-33771?utm_source=Google&utm_medium=KnowledgePanel&utm_campaign=Website,3690 E Bay Dr Ste K,33760,Pinellas County,4.6,852,ChIJ38Q3x1TlwogRTco4MvFO9pQ,Pinellas County Google Maps Scan,"dentist, pinellas-county, 2026-03-02"
Largo Modern Dentistry,,(727) 353-3945,https://www.largomoderndentistry.com/?sc_cid=GBP%3AO%3AGP%3A1337%3AOrganic_Search%3AGeneral%3Ana&_vsrefdom=organic_gbp&y_source=1_MjAyMTA5MjE0Mi03MTUtbG9jYXRpb24ud2Vic2l0ZQ%3D%3D,4895 E Bay Dr Unit 100,33760,Pinellas County,4.9,38,ChIJA36GyPf7wogRqAuJjLP7I4M,Pinellas County Google Maps Scan,"dentist, pinellas-county, 2026-03-02"
Dentist - Icot Dental Care,hello@icotdentalcare.com,(727) 607-0592,https://www.icotdentalcare.com/?utm_campaign=gmb,13501 Icot Blvd UNIT 101,33760,Pinellas County,5,103,ChIJU74ht1nlwogROh6_3g2Mozg,Pinellas County Google Maps Scan,"dentist, pinellas-county, 2026-03-02"
Florida Dental Centers - Largo,,(727) 507-9090,https://www.floridadentalcenters.com/dentist-office/largo-fl-33771,7491 Ulmerton Rd,33760,Pinellas County,4.7,590,ChIJt_1DdMn6wogRT12fpUyTBHA,Pinellas County Google Maps Scan,"dentist, pinellas-county, 2026-03-02"
Smile Design Clearwater,,(727) 592-8687,https://thesmiledesignclearwater.com/,5020 E Bay Dr Ste 900,33760,Pinellas County,4.5,459,ChIJaxVssQX6wogRXp-linJR1uY,Pinellas County Google Maps Scan,"dentist, pinellas-county, 2026-03-02"
Largo Dental One,info@ldo.adit.dentalarts.dental,(727) 287-1555,https://largodentalone.com/?utm_source=google+business&utm_medium=organic&utm_campaign=website&utm_term=ldo,1475 Belcher Rd,33760,Pinellas County,4.9,433,ChIJpx2_agv7wogReMuasQAqIno,Pinellas County Google Maps Scan,"dentist, pinellas-county, 2026-03-02"
Great Expressions Dental Centers - Largo,,(727) 213-8548,https://www.greatexpressions.com/dental-offices/dentist-in-largo-florida/,11701 S Belcher Rd Suite 103,33760,Pinellas County,4.4,438,ChIJY_SCX9f6wogRkBXRAuGvxgk,Pinellas County Google Maps Scan,"dentist, pinellas-county, 2026-03-02"
Keep Smiling Dental,mgr@keepsmilingdental.com,(727) 535-0591,https://www.keepsmilingdental.com/,2557 Nursery Rd D,33760,Pinellas County,4.6,209,ChIJX9LRWODvwogRq62aMDkdgQU,Pinellas County Google Maps Scan,"dentist, pinellas-county, 2026-03-02"
Evara Health at Highpoint,red@2x.png,(727) 824-8181,https://evarahealth.org/,14100 58th St N,33760,Pinellas County,3.1,141,ChIJRbiVoi7lwogR9iQc7lLk-U8,Pinellas County Google Maps Scan,"dentist, pinellas-county, 2026-03-02"
Smiles on East Bay,,(727) 205-0683,https://smilesoneastbay.com/?utm_source=gbp&utm_medium=organic&utm_campaign=yext_listing,3695 E Bay Dr,33760,Pinellas County,4.8,977,ChIJ6duAiqb6wogRQna5-77ueJE,Pinellas County Google Maps Scan,"dentist, pinellas-county, 2026-03-02"
The Dental Boutique Largo,1info@largodentalboutique.com,(727) 250-0052,https://largodentalboutique.com/?utm_source=organic&utm_medium=gmb&utm_campaign=largo_fl&utm_id=local,3700 E Bay Dr,33760,Pinellas County,4.8,565,ChIJo8IRlHv7wogRW0tIDfBPWhs,Pinellas County Google Maps Scan,"dentist, pinellas-county, 2026-03-02"
Shore Lake Dental - Palm Harbor,,(727) 787-3811,https://shorelakedental.com/,29605 US Hwy 19 N STE 120,33761,Pinellas County,5,214,ChIJKZDisnXywogR5XSsM0TND-8,Pinellas County Google Maps Scan,"dentist, pinellas-county, 2026-03-02"
Countryside Oaks Dental by Dr Backer,office@countrysideoaksdental.com,(727) 725-9300,https://countrysideoaksdental.com/,28467 US Hwy 19 N Ste 301,33761,Pinellas County,5,363,ChIJ0e6akQnywogRKcSBjZNMndc,Pinellas County Google Maps Scan,"dentist, pinellas-county, 2026-03-02"
"Aspire Dental - Clearwater, FL",21290-frontoffice@smilebrands.com,(727) 791-1099,https://www.yourclearwaterdentist.com/?utm_source=generic&utm_medium=profiles&utm_campaign=local_profiles,2763 FL-580,33761,Pinellas County,4.6,275,ChIJ8e0Q_NztwogR9wlPbabVN7Y,Pinellas County Google Maps Scan,"dentist, pinellas-county, 2026-03-02"
Coast Dental,clearwater@coastdental.com,(727) 799-1010,https://www.coastdental.com/dentist-office/clearwater-fl-33765?utm_source=gmb&utm_medium=organic,23680 US Hwy 19 N,33761,Pinellas County,4.4,582,ChIJPQfteCHuwogR9xQ9PUTdsDo,Pinellas County Google Maps Scan,"dentist, pinellas-county, 2026-03-02"
No Sugar Bugs Club Children's Dentistry,nosugarbugs@gmail.com,(727) 635-2301,https://nosugarbugs.com/?utm_source=google.com&utm_medium=business%20profile,3165 McMullen Booth Rd building e,33761,Pinellas County,4.8,1252,ChIJtzcQRm7rwogRcyiOcHuwDE0,Pinellas County Google Maps Scan,"dentist, pinellas-county, 2026-03-02"
Prior Family & Cosmetic Dentistry,DrPrior@Tampabay.rr.com,(727) 796-1713,https://www.doctorprior.com/,2467 Enterprise Rd STE F,33761,Pinellas County,5,283,ChIJsTv2Z__xwogRyDcbfjhg9eg,Pinellas County Google Maps Scan,"dentist, pinellas-county, 2026-03-02"
Fundora My Dentist,,(727) 300-1594,https://fundora-my-dentist.com/,28550 US Hwy 19 N,33761,Pinellas County,4.9,117,ChIJ-cldgyPzwogRrUOd649HBAA,Pinellas County Google Maps Scan,"dentist, pinellas-county, 2026-03-02"
Flash Dentspa - Clearwater,info@flashdentspa.com,(727) 509-8333,https://www.flashdentspaclearwater.com/,28913 US Hwy 19 N,33761,Pinellas County,5,57,ChIJcyDZh7PzwogRpAsA2KRBI3U,Pinellas County Google Maps Scan,"dentist, pinellas-county, 2026-03-02"
Dunedin Family Dentistry,info@dunedinfamilydentistry.com,(727) 472-5442,https://dunedinfamilydentistry.com/,4000 Lake St George Dr,33761,Pinellas County,4.9,516,ChIJlVYH72_ywogRblP7RskMQ2Q,Pinellas County Google Maps Scan,"dentist, pinellas-county, 2026-03-02"
Dr. Aaron Doerner D.M.D.,21290-frontoffice@smilebrands.com,(727) 791-1099,https://www.yourclearwaterdentist.com/,2763 FL-580,33762,Pinellas County,5,9,ChIJVVUB_NztwogRrMlf8u92_to,Pinellas County Google Maps Scan,"dentist, pinellas-county, 2026-03-02"
Endodontic Associates,,(727) 796-2183,https://www.endoassoc.net/,3165 McMullen Booth Rd #2,33762,Pinellas County,4.9,1102,ChIJ9-NTTL_twogRURg9L1ItjG8,Pinellas County Google Maps Scan,"dentist, pinellas-county, 2026-03-02"
Pinellas Periodontics & Implant Dentistry at Clearwater,,(727) 799-4492,https://coastaljaw.com/clearwater-fl/,3003 Enterprise Rd E,33763,Pinellas County,4.5,47,ChIJZ1-JUnXuwogRHN7AZW84er8,Pinellas County Google Maps Scan,"dentist, pinellas-county, 2026-03-02"
Palm Harbor Premier Dental,info@palmharbordental.com,(727) 349-3615,https://www.palmharborpremierdental.com/,30685 US Hwy 19 N,33766,Pinellas County,4.9,937,ChIJIy6aBwXzwogRhszFdxXA88E,Pinellas County Google Maps Scan,"dentist, pinellas-county, 2026-03-02"
Bay Arbor Dental Care,,(813) 534-1704,https://bayarbordentalcare.com/?utm_source=gbp&utm_medium=organic&utm_campaign=yext_listing,3685 Tampa Rd Suite 100,33766,Pinellas County,4.9,1143,ChIJud6f6E_swogRlzzgRWzSd_0,Pinellas County Google Maps Scan,"dentist, pinellas-county, 2026-03-02"
Todo Dentistry,info@tododentistry.com,(727) 900-7171,https://tododentistry.com/,831 N Hercules Ave,33766,Pinellas County,5,38,ChIJh1skE5jxwogRgTInk_WXehY,Pinellas County Google Maps Scan,"dentist, pinellas-county, 2026-03-02"
Oldsmar Dentist | Pine Avenue Smiles,,(813) 855-1007,https://www.pineavenuesmiles.com/,190 Pine Ave N,33766,Pinellas County,5,338,ChIJCwkXcUHswogReRamMlqqYzc,Pinellas County Google Maps Scan,"dentist, pinellas-county, 2026-03-02"
Brooker Creek Dental Group,,(727) 800-4149,https://cosmeticdentistrytampabay.com/?utm_source=gbp&utm_medium=organic&utm_campaign=yext_listing,36207 E Lake Rd S,33768,Pinellas County,4.8,517,ChIJExt1XyrtwogRTR83RvfyRnI,Pinellas County Google Maps Scan,"dentist, pinellas-county, 2026-03-02"
Safety Harbor Family Dentistry,office@myshfd.com,(727) 726-0865,https://www.safetyharbordentistry.com/?utm_source=GMB&utm_medium=organic&utm_campaign=DevOptimization&utm_content=Website,353 Main St,33768,Pinellas County,4.7,423,ChIJhXM5horuwogR1mpTZOYV1A8,Pinellas County Google Maps Scan,"dentist, pinellas-county, 2026-03-02"
"Inga Ukolova, DDS - Friendly Dentistry P.A.",ingaukolovadds@gmail.com,(727) 789-4044,https://dentist-inga.com/,300 State St E Unit 107,33768,Pinellas County,4.7,86,ChIJu4iXKnXtwogRKtYVEN_5nMI,Pinellas County Google Maps Scan,"dentist, pinellas-county, 2026-03-02"
Solay Dental,info@solaydental.com,(727) 516-9900,https://www.solaydental.com/,3144 Tampa Rd #3,33768,Pinellas County,4.9,357,ChIJMbI1KYntwogReV-wgeOubQY,Pinellas County Google Maps Scan,"dentist, pinellas-county, 2026-03-02"
Oldsmar Dentistry,,(813) 855-4269,https://oldsmardentistry.com/,4050 Tampa Rd,33768,Pinellas County,4.9,141,ChIJuQq7F3PswogRcCGHjQbUzrg,Pinellas County Google Maps Scan,"dentist, pinellas-county, 2026-03-02"
Palm Harbor Smiles,info@ph.adit.dentalarts.dental,(727) 362-6603,https://palmharborsmiles.com/?utm_source=google%20business&utm_medium=organic&utm_campaign=website&utm_term=ph,2702 Tampa Rd,33768,Pinellas County,4.8,464,ChIJr-0b3GjtwogR5O_6Z5TEp8Y,Pinellas County Google Maps Scan,"dentist, pinellas-county, 2026-03-02"
Mangrove Bay Dentistry,,(813) 544-6778,https://mangrovebaydentistry.com/,13998 W Hillsborough Ave,33768,Pinellas County,4.7,226,ChIJK46XrorrwogRrqhKOkilm08,Pinellas County Google Maps Scan,"dentist, pinellas-county, 2026-03-02"
Dental Studio of Palm Harbor,info@domain.com,(727) 786-1077,https://yourpalmharbordentist.com/,3438 Tampa Rd,33768,Pinellas County,4.9,453,ChIJByKqF3HtwogRFBzu27qgABI,Pinellas County Google Maps Scan,"dentist, pinellas-county, 2026-03-02"
Sage Dental of Oldsmar,,(813) 336-7335,http://mysagedental.com/oldsmar/?utm_source=Google&utm_medium=Business_Listing,4009 Tampa Rd #6,33768,Pinellas County,4.4,507,ChIJFVwjDHLswogRhSJFXP7AmX0,Pinellas County Google Maps Scan,"dentist, pinellas-county, 2026-03-02"
Diamond Dental and Associates,info@diamonddentists.com,(813) 448-6555,https://diamonddentists.com/,1811 Peppertree Dr,33768,Pinellas County,4.9,304,ChIJo7tmUK3twogRl2Aajxs8R5o,Pinellas County Google Maps Scan,"dentist, pinellas-county, 2026-03-02"
Prestige Dentistry - Palm Harbor,,(727) 789-1980,https://prestige-dentistry.com/,4140 Woodlands Pkwy A,33768,Pinellas County,4.8,418,ChIJ0xU_sA7twogRh7T3U6ARQL8,Pinellas County Google Maps Scan,"dentist, pinellas-county, 2026-03-02"
Sunset Pediatric Dentistry + Orthodontics,smile@sunsetpeds.com,(727) 967-3876,https://sunsetpeds.com/,2450 Sunset Point Rd Suite B2,33769,Pinellas County,5,295,ChIJm4ILmvLxwogRab0a5ACiqC0,Pinellas County Google Maps Scan,"dentist, pinellas-county, 2026-03-02"
Sunset Smiles,,(727) 799-3815,https://www.sunsetsmiles.com/,2329 Sunset Point Rd STE 202,33769,Pinellas County,5,64,ChIJAya-wt3xwogRLB7rXbpDc00,Pinellas County Google Maps Scan,"dentist, pinellas-county, 2026-03-02"
Affordable Dentures & Implants,communications@affordablecare.com,(727) 855-3274,https://www.affordabledentures.com/locations/fl/clearwater?utm_source=GMB&utm_medium=Organic_Listing&utm_campaign=20280,26258 US Hwy 19 N,33769,Pinellas County,4.7,751,ChIJh_zelgPuwogR_xgaSsKmqoM,Pinellas County Google Maps Scan,"dentist, pinellas-county, 2026-03-02"
Pinellas Family Dental,lindsay@dentalflorida.com,(727) 518-8349,https://dentalflorida.com/,120 1st Ave SW,33770,Pinellas County,4.9,1015,ChIJobrwl3D6wogRlR90bl6_DLA,Pinellas County Google Maps Scan,"dentist, pinellas-county, 2026-03-02"
Lawrence Staff DMD,info@lawrencestaffdmd.com,(727) 584-8639,https://www.lawrencestaffdmd.com/,2260 W Bay Dr,33770,Pinellas County,5,210,ChIJIVV6cQ_6wogR9baH-uJG4uI,Pinellas County Google Maps Scan,"dentist, pinellas-county, 2026-03-02"
Blue Dental Largo,,(727) 586-1732,https://bluedentalhealth.com/,1940 W Bay Dr #1,33770,Pinellas County,5,380,ChIJa3F_Fw_6wogRpgDpOedLfkM,Pinellas County Google Maps Scan,"dentist, pinellas-county, 2026-03-02"
Mid County Dental Associates PA,your@email.com,(727) 536-3400,https://www.midcountydental.com/,2700 E Bay Dr,33770,Pinellas County,4.8,594,ChIJdxgiL5_6wogRv7mdLA1NHfI,Pinellas County Google Maps Scan,"dentist, pinellas-county, 2026-03-02"
Belleair Dental,,(727) 518-2333,https://www.belleairdental.com/,2600 W Bay Dr,33770,Pinellas County,5,193,ChIJVaTtlAP6wogRme8o5xIImpU,Pinellas County Google Maps Scan,"dentist, pinellas-county, 2026-03-02"
Coast Dental,largo@coastdental.com,(727) 535-9993,https://www.coastdental.com/dentist-office/largo-fl-33771?utm_source=gmb&utm_medium=organic,10427 Ulmerton Rd Suite B-3,33770,Pinellas County,4.3,717,ChIJTfFXL6T6wogRpD4m1tv1rCw,Pinellas County Google Maps Scan,"dentist, pinellas-county, 2026-03-02"
"Bright Now! Dental & Orthodontics - Largo, FL",chosen-sprite@2x.png,(727) 581-1900,https://www.brightnow.com/dental-office/spring-hill-dentist/21130/?utm_source=generic&utm_medium=profiles&utm_campaign=local_profiles,10500 Ulmerton Rd Suite 210,33770,Pinellas County,4.2,387,ChIJmboid1v6wogRUf2Lx4V9vmg,Pinellas County Google Maps Scan,"dentist, pinellas-county, 2026-03-02"
Largo Dental and Implant Center,,(727) 584-9200,https://largodentalcenter.com/,2133 Indian Rocks Rd,33770,Pinellas County,4.9,380,ChIJnzeQEIz5wogRq1L0RRxPRGc,Pinellas County Google Maps Scan,"dentist, pinellas-county, 2026-03-02"
"East Bay Dental: Amy G Doan, DDS",support@eastbaydentalflorida.com,(727) 585-5675,https://eastbaydentalflorida.com/,1601 E Bay Dr STE 1,33770,Pinellas County,4.9,391,ChIJLe1kcIT6wogRdwWGLQTJ0q4,Pinellas County Google Maps Scan,"dentist, pinellas-county, 2026-03-02"
Largo Dental Studio,office@largodentalstudio.com,(727) 344-9363,https://largodentalstudio.com/Dentist-Largo/?utm_source=google&utm_medium=social&utm_campaign=Largo%20Dental%20Studio&utm_term=Dentist%20Largo,1603 Indian Rocks Rd,33770,Pinellas County,5,222,ChIJNT_e0Yb5wogRo4q6Gat1YTM,Pinellas County Google Maps Scan,"dentist, pinellas-county, 2026-03-02"
Dr. Fanny Rovira,lindsay@dentalflorida.com,(727) 475-2840,https://dentalflorida.com/meet-the-team/,120 1st Ave SW,33770,Pinellas County,5,1,ChIJ__-vonD6wogRciMVW3sKQuY,Pinellas County Google Maps Scan,"dentist, pinellas-county, 2026-03-02"
Shore Lake Dental Belleair Bluffs,,(727) 584-5693,https://shorelakedental.com/,490 Indian Rocks Rd N,33770,Pinellas County,,0,ChIJewm6IiL7wogRfH99UFKfgQQ,Pinellas County Google Maps Scan,"dentist, pinellas-county, 2026-03-02"
Timeless Pearl Dentistry - Ashley Bradley DMD,hello@pearldentalfl.com,(727) 777-4443,https://www.timelesspearldentistry.com/,875 W Bay Dr,33770,Pinellas County,4.9,144,ChIJIeN2m4r7wogRAN-ZEq9vmyo,Pinellas County Google Maps Scan,"dentist, pinellas-county, 2026-03-02"
Dr. Terry L Hamblen,,(727) 518-6000,[32m✓[0m Done,2320 W Bay Dr,33770,Pinellas County,4.5,26,ChIJaxVssQX6wogRXduG3yvZmx0,Pinellas County Google Maps Scan,"dentist, pinellas-county, 2026-03-02"
Smile Solutions Modern Dental Arts - Dentist Largo,,(727) 585-6658,https://www.dentistinlargo.com/,10225 Ulmerton Rd #4C,33770,Pinellas County,4.9,174,ChIJPaaChsH7wogRJmQ2hN0Taks,Pinellas County Google Maps Scan,"dentist, pinellas-county, 2026-03-02"
Britely Dentures + Implants Studio,blue@2x.png,(727) 620-6357,https://livebritely.com/location/largo-clearwater/?loc=FL04&utm_campaign=FL04-S-GBP-B-X-X,1960 E Bay Dr,33770,Pinellas County,4.6,70,ChIJL5GEXIP6wogRkkcyu39HjAc,Pinellas County Google Maps Scan,"dentist, pinellas-county, 2026-03-02"
Bardmoor Family Dental,bardmoorfamilydental@gmail.com,(727) 513-0812,https://www.bardmoorfamilydental.com/?utm_campaign=gmb&utm_medium=organic&utm_source=gmb,10801 Starkey Rd #301,33771,Pinellas County,5,555,ChIJ149WuR77wogRNT7Hc26kvOg,Pinellas County Google Maps Scan,"dentist, pinellas-county, 2026-03-02"
Piper Family Dentistry,,(727) 564-9677,https://www.mouthdocs.com/?utm_source=GMB&utm_medium=organic&utm_campaign=DevOptimization&utm_content=Website,7500 Bryan Dairy Rd Ste C,33771,Pinellas County,4.8,385,ChIJF3Tvqin7wogR9MIGoYhqC_U,Pinellas County Google Maps Scan,"dentist, pinellas-county, 2026-03-02"
Pinellas Dental Specialties,info@pinellasdentalspecialties.com,(727) 531-5100,https://www.pinellasdentalspecialties.com/,2700 E Bay Dr Ste 201 Suite 201,33771,Pinellas County,4.1,22,ChIJdxgiL5_6wogRUeodW4YW_eM,Pinellas County Google Maps Scan,"dentist, pinellas-county, 2026-03-02"
All About You Dentistry,nallaboutyoudentistry@gmail.com,(727) 581-9515,https://www.facebook.com/AllAboutYouDentistry/,11200 Seminole Blvd Suite 108,33771,Pinellas County,5,168,ChIJucBq_X36wogRBP_q7S2LKns,Pinellas County Google Maps Scan,"dentist, pinellas-county, 2026-03-02"
Pinellas Pediatric Dentistry,info@pinellaspediatricdentistry.com,(727) 335-2500,https://www.pinellaspediatricdentistry.com/?utm_source=gmb_auth,4020 Portsmouth Rd,33771,Pinellas County,4.8,135,ChIJnSLo4W37wogRrOdv8y-xnGY,Pinellas County Google Maps Scan,"dentist, pinellas-county, 2026-03-02"
Dentists Of Seminole,,(727) 548-5454,https://dentistsofseminole.com/,9303 Seminole Blvd STE D,33772,Pinellas County,4.9,101,ChIJfW3qGqP7wogRJ6ZtmociAJ8,Pinellas County Google Maps Scan,"dentist, pinellas-county, 2026-03-02"
Dental Arts Seminole,,(727) 393-8912,https://dentalarts.dental/?utm_source=google+business&utm_medium=organic&utm_campaign=main+website&utm_term=seminole,10333 Seminole Blvd #9,33772,Pinellas County,4.9,624,ChIJ23UCl6_7wogRnY-dNrv8ejk,Pinellas County Google Maps Scan,"dentist, pinellas-county, 2026-03-02"
Shahab Samimi,,(727) 548-5454,https://dentistsofseminole.com/about/,9303 Seminole Blvd STE D,33772,Pinellas County,5,5,ChIJ__-zGqP7wogRuWR0AbwludU,Pinellas County Google Maps Scan,"dentist, pinellas-county, 2026-03-02"
"Dr. Jennifer H. Johnson, DMD",jjohnsondmdpa@tampabay.rr.com,(727) 393-8855,https://www.jjohnsondmdpa.com/,9951 Seminole Blvd,33772,Pinellas County,5,22,ChIJ2ZAYDa37wogRVAUdP8a3Dm4,Pinellas County Google Maps Scan,"dentist, pinellas-county, 2026-03-02"
Better Bites By Busch,hub@sesamecommunications.com,(727) 395-9330,https://www.betterbitesbybusch.com/,10170 Seminole Blvd,33772,Pinellas County,5,268,ChIJ83P6XKX7wogRuudL4a2wr40,Pinellas County Google Maps Scan,"dentist, pinellas-county, 2026-03-02"
"Aspen Dental - Largo, FL",,(727) 223-1435,https://www.aspendental.com/dentist/fl/largo/13200-seminole-blvd-ste-204/?utm_source=googleplaces&utm_medium=lociqgoogleplaces&utm_campaign=Largo%2CFL-Largo_FL-2436&utm_content=listing,13200 Seminole Blvd STE 204,33772,Pinellas County,4.3,985,ChIJwWlmalv6wogRH3u6OM3YQjw,Pinellas County Google Maps Scan,"dentist, pinellas-county, 2026-03-02"
Dolphin Dental Group,,(727) 496-8628,https://www.dolphindental.com/,10820 Seminole Blvd,33772,Pinellas County,4.9,604,ChIJ6z72Cq77wogRnCrPNYYDckM,Pinellas County Google Maps Scan,"dentist, pinellas-county, 2026-03-02"
Greenberg Dental & Orthodontics,,(727) 265-3307,https://www.greenbergdental.com/offices/largo/,12963 Walsingham Rd,33773,Pinellas County,4.4,200,ChIJk_yslir6wogRgPk57NqWqu8,Pinellas County Google Maps Scan,"dentist, pinellas-county, 2026-03-02"
Bonham Dental Arts Largo,drcarey@bonhamdental.com,(727) 581-1869,https://www.bonhamdental.com/?utm_campaign=gmb&utm_medium=local&utm_source=google,12720 Ulmerton Rd,33774,Pinellas County,4.9,624,ChIJgcvKjSz6wogRSsM4jMe3boQ,Pinellas County Google Maps Scan,"dentist, pinellas-county, 2026-03-02"
Dr. RUBEN M. BOTELLO,rubenmercy@gmail.com,(727) 595-2951,https://www.rubenbotellodmd.com/,12662 Indian Rocks Rd,33774,Pinellas County,4.5,74,ChIJs_zD2Jr5wogRGJVFsi5DDu0,Pinellas County Google Maps Scan,"dentist, pinellas-county, 2026-03-02"
Largo Laser Dentistry,your@email.com,(727) 595-4289,https://www.largolaserdentistry.com/,11450 Oakhurst Rd,33774,Pinellas County,4.8,143,ChIJIXBAkXf5wogRJ0BX5OW9BJU,Pinellas County Google Maps Scan,"dentist, pinellas-county, 2026-03-02"
Great Expressions Dental Centers - Belleair Bluffs,,(727) 213-8763,https://www.greatexpressions.com/dental-offices/dentist-in-belleair-bluffs-florida/,2938 W Bay Dr C,33774,Pinellas County,4.6,447,ChIJ49Z5iAL6wogRcmp_2M6V5mg,Pinellas County Google Maps Scan,"dentist, pinellas-county, 2026-03-02"
Dr. Douglas Graybill,fancybox_sprite@2x.png,(727) 596-3991,https://www.graybilldentistry.com/,11540 Oakhurst Rd,33774,Pinellas County,4.9,218,ChIJ___v63f5wogRxVDK_hXf8tg,Pinellas County Google Maps Scan,"dentist, pinellas-county, 2026-03-02"
Your Smile Studio,info@yoursmilestudio.com,(727) 393-3679,https://www.yoursmilestudio.com/,8201 113th St N,33775,Pinellas County,4.9,129,ChIJ40Fx-JP7wogRKPrXz7_AJRo,Pinellas County Google Maps Scan,"dentist, pinellas-county, 2026-03-02"
Bonham Dental Arts Seminole,info@bonhamdental.com,(727) 398-7473,https://bonhamdentalseminole.com/,8300 113th St North,33775,Pinellas County,4.9,92,ChIJ7S_SdZT7wogRdeipQqTRZ-4,Pinellas County Google Maps Scan,"dentist, pinellas-county, 2026-03-02"
Family Dentistry,,(727) 394-0557,[32m✓[0m Done,8000 Seminole Blvd Suite #7,33775,Pinellas County,,0,ChIJCWDnYJr7wogRx_O85dlxPyI,Pinellas County Google Maps Scan,"dentist, pinellas-county, 2026-03-02"
"William J. Kinzler, DDS, MAGD, FICOI",,(727) 596-7777,https://www.drkinzler.com/,9190 Oakhurst Rd STE 1,33776,Pinellas County,5,136,ChIJd_iU-mf5wogRgAUHRqNSh50,Pinellas County Google Maps Scan,"dentist, pinellas-county, 2026-03-02"
Harp Pediatric Dentistry - Seminole,info@harpdental.com,(727) 888-2527,https://harpdental.com/seminole/?utm_campaign=gmb,8686 131st St N,33776,Pinellas County,4.6,444,ChIJpT5mBDf5wogRSPQ2txV3jPY,Pinellas County Google Maps Scan,"dentist, pinellas-county, 2026-03-02"
Tyler Baker Dentistry,605a7baede844d278b89dc95ae0a9123@sentry-next.wixpress.com,(727) 265-1695,https://www.drtylerbaker.com/,11500 Seminole Blvd,33777,Pinellas County,5,166,ChIJeZ75wTP7wogRtc27xEVhW2E,Pinellas County Google Maps Scan,"dentist, pinellas-county, 2026-03-02"
"Gregory A Zollo, DDS, PA",,(727) 397-1519,http://drzollodentistry.com/,8200 Bryan Dairy Rd STE 350,33777,Pinellas County,4.7,67,ChIJka4QKSH7wogRylnnEMTh8yc,Pinellas County Google Maps Scan,"dentist, pinellas-county, 2026-03-02"
Thai Lam,,(727) 223-1435,https://www.aspendental.com/providers/thai-lam/1225609985/,13200 Seminole Blvd STE 204,33778,Pinellas County,,0,ChIJ6SwORgX7wogRObwqCBDnctQ,Pinellas County Google Maps Scan,"dentist, pinellas-county, 2026-03-02"
Paulmino Jennifer DDS,user@domain.com,(727) 320-8831,https://www.paulminodentistry.com/,10333 Seminole Blvd Ste. 7,33778,Pinellas County,4.9,180,ChIJ23UCl6_7wogR2ft9e8x68mM,Pinellas County Google Maps Scan,"dentist, pinellas-county, 2026-03-02"
Park Boulevard Family Dentistry,brush@parkboulevardfamilydentistry.com,(727) 291-0220,https://parkboulevardfamilydentistry.com/,4326 Park Blvd Suite A,33782,Pinellas County,4.9,112,ChIJMZXpUOjlwogRfelKHbRRiZI,Pinellas County Google Maps Scan,"dentist, pinellas-county, 2026-03-02"
SandBay Dental,,(727) 999-2075,https://sandbaydental.com/?utm_source=google&utm_medium=gmb&utm_campaign=7ddm,7599 Park Blvd #200,33782,Pinellas County,4.7,308,ChIJpagBLFD7wogR3SRxSa3YMec,Pinellas County Google Maps Scan,"dentist, pinellas-county, 2026-03-02"
Ignacio Tirso DDS,,(727) 549-0480,[32m✓[0m Done,9500 66th St N,33782,Pinellas County,4.2,20,ChIJsQrTnc7kwogRqJjVqeWkjWQ,Pinellas County Google Maps Scan,"dentist, pinellas-county, 2026-03-02"
Mang Dentistry LLC,,(727) 209-0877,https://www.mangdentistry.com/,6658 78th Ave N,33782,Pinellas County,4.4,68,ChIJ76ZhxbPkwogR-OvxMRYdzEo,Pinellas County Google Maps Scan,"dentist, pinellas-county, 2026-03-02"
Bay Area Modern Dentistry,bamd@drbushati.com,(727) 547-8227,https://drbushati.com/,5299 Park Blvd,33782,Pinellas County,5,527,ChIJWV9nEJblwogReprH7oeeBzc,Pinellas County Google Maps Scan,"dentist, pinellas-county, 2026-03-02"
Dental Specialty Group of Pinellas,info@dentalspecialtygroup.com,(727) 544-5345,http://www.dentalspecialtygroup.com/,4326 Park Blvd N Suite C,33782,Pinellas County,4.9,169,ChIJJdhDOIjkwogRv21k78Z1k-k,Pinellas County Google Maps Scan,"dentist, pinellas-county, 2026-03-02"
Go Smile Pediatric Dentistry & Orthodontics,MyTooth@GoSmilegroup.com,(727) 698-6684,https://gosmilegroup.com/,5745 Park Blvd,33782,Pinellas County,5,77,ChIJTe0-aojlwogRzq_Fg0krtGE,Pinellas County Google Maps Scan,"dentist, pinellas-county, 2026-03-02"
"Dr. Eric D. Arias, DDS",,(727) 546-0865,https://www.ericariasdds.com/,9015 Belcher Rd,33782,Pinellas County,4.8,48,ChIJ1RZx7zT7wogRC7fCWcBnd1U,Pinellas County Google Maps Scan,"dentist, pinellas-county, 2026-03-02"
Nguyen Kimberly DDS,fancybox_sprite@2x.png,(727) 545-9590,https://www.confidentsmiledentistry.com/,5265 Park Blvd #100,33782,Pinellas County,5,2,ChIJvyfQfGbqwogRhZFLpUqakOE,Pinellas County Google Maps Scan,"dentist, pinellas-county, 2026-03-02"
"Kids 1st Pediatric Dentistry, Carolina Escobedo, DMD Board Certified Pediatric Dentist",,(727) 238-7722,https://kids1stpediatricdentistry.com/,6026 Park Blvd,33782,Pinellas County,4.9,564,ChIJF7imkdRZwokR2TK40VD0XG8,Pinellas County Google Maps Scan,"dentist, pinellas-county, 2026-03-02"
Dr. Greg Engelman,,(727) 547-6453,[32m✓[0m Done,6030 Park Blvd Pinellas,33782,Pinellas County,5,2,ChIJq6o60LzkwogR0ByTomYl6ng,Pinellas County Google Maps Scan,"dentist, pinellas-county, 2026-03-02"
Race Track Smiles,support@racetrackdental.com,(813) 818-8054,https://racetrackdental.com/,8991 Race Track Rd,33783,Pinellas County,4.8,361,ChIJF5xLTHXswogR5S-ZT_0t3Jg,Pinellas County Google Maps Scan,"dentist, pinellas-county, 2026-03-02"
East Lake Dental Excellence,staff@eastlakedentalexcellence.com,(727) 934-1200,https://eastlakedentalexcellence.com/?utm_source=gmb_auth,3033 Ridgeline Blvd STE A,33783,Pinellas County,4.9,499,ChIJf2A3xt2SwogReG5vUSClvJM,Pinellas County Google Maps Scan,"dentist, pinellas-county, 2026-03-02"
Tarpon Dental,FrontOffice@TarponDental.com,(727) 937-4285,https://tarpondental.com/,2611 Keystone Rd STE B7,33783,Pinellas County,4.8,246,ChIJMTP3LWaNwogRDybx_BpBkTw,Pinellas County Google Maps Scan,"dentist, pinellas-county, 2026-03-02"
Expressions Cosmetic and Family Dentistry,office@myexpressionsdentistry.com,(727) 787-6453,https://mypalmharbordentist.com/,3007 Ridgeline Blvd suite a,33783,Pinellas County,5,962,ChIJhfuVOCrtwogRvpiw0qGpiUE,Pinellas County Google Maps Scan,"dentist, pinellas-county, 2026-03-02"
Coast Dental,eastlake@coastdental.com,(727) 787-0202,https://www.coastdental.com/dentist-office/oldsmar-fl-34677?utm_source=gmb&utm_medium=organic,3150 Tampa Rd #4,33783,Pinellas County,4.7,685,ChIJJ-fv467twogRplEhESM9grk,Pinellas County Google Maps Scan,"dentist, pinellas-county, 2026-03-02"
Smile Design Palm Harbor,,(727) 334-8057,https://thesmiledesignpalmharbor.com/,301 Woodlands Pkwy Suite 6,33783,Pinellas County,4.8,427,ChIJXR332ADtwogRuzRB6jNhOCo,Pinellas County Google Maps Scan,"dentist, pinellas-county, 2026-03-02"
Westchase Premier Dental,,(813) 475-4528,https://www.westchasedental.com/?utm_campaign=gmb,12229 W Linebaugh Ave,33783,Pinellas County,4.8,1639,ChIJH4K5tArrwogR8CjJpOednkk,Pinellas County Google Maps Scan,"dentist, pinellas-county, 2026-03-02"
"Rachel Caldwell, DMD",,(727) 343-9134,https://rachelcaldwelldental.com/,933 Oleander Way S Suite 6,33784,Pinellas County,5,42,ChIJ7b6l7MriwogRQ8QGaSzEhrs,Pinellas County Google Maps Scan,"dentist, pinellas-county, 2026-03-02"
Caldwell Dental of South Pasadena,,(727) 343-9134,https://rachelcaldwelldental.com/,933 Oleander Way S Suite 6,33784,Pinellas County,5,8,ChIJGz8wX3fjwogR45SK_-b_cdw,Pinellas County Google Maps Scan,"dentist, pinellas-county, 2026-03-02"
Chulick Family Dentistry,nchulicksmile@gmail.com,(727) 803-6800,https://chulickdental.com/,6688 1st Ave S,33784,Pinellas County,4.9,41,ChIJ-edKbNLiwogRhCZqzd05RDE,Pinellas County Google Maps Scan,"dentist, pinellas-county, 2026-03-02"
Belleair Oral Surgery & Implants,frontdesk@belleairoralsurgery.com,(727) 581-3300,https://www.belleairoralsurgery.com/,716 Indian Rocks Rd N,33785,Pinellas County,4.8,126,ChIJJ6TtlAP6wogRrJlp3XnUosY,Pinellas County Google Maps Scan,"dentist, pinellas-county, 2026-03-02"
Boulevard Dental Belleair,adminbelleair@boulevard-dental.com,(727) 349-3913,https://www.boulevarddentalbelleair.com/,1016 Ponce De Leon Blvd Ste 4,33786,Pinellas County,5,27,ChIJE17Ue1DxwogRz9dKDtFTNLo,Pinellas County Google Maps Scan,"dentist, pinellas-county, 2026-03-02"
Trevor F. Quick DMD,,(727) 518-2333,https://www.belleairdental.com/,2600 W Bay Dr,33786,Pinellas County,4.6,11,ChIJVaTtlAP6wogRyMuneIKCj9w,Pinellas County Google Maps Scan,"dentist, pinellas-county, 2026-03-02"
Gumm Blayne J DDS,contact@officite.com,(727) 584-5693,https://www.gummdental.com/,490 Indian Rocks Rd N STE A,33786,Pinellas County,5,4,ChIJC_elzwb6wogRnbXEWsGHf7o,Pinellas County Google Maps Scan,"dentist, pinellas-county, 2026-03-02"
"Bay Area Smiles Howell Whitehead & Assoc, PA",,(727) 441-8963,https://www.bayareasmilesfl.com/,718 Lakeview Rd,33786,Pinellas County,4.9,573,ChIJJf0PHuvwwogRxnVzmtIRwXg,Pinellas County Google Maps Scan,"dentist, pinellas-county, 2026-03-02"
"Lori E. Burchell, DMD",,(813) 855-4269,https://oldsmardentistry.com/,4050 Tampa Rd,34677,Pinellas County,4.5,8,ChIJFZXv8ZLqwogR9bQqzi6tj-o,Pinellas County Google Maps Scan,"dentist, pinellas-county, 2026-03-02"
Harmony Smiles of Oldsmar,,(813) 852-2521,https://www.myharmonysmiles.com/,3937 Tampa Rd # 1,34677,Pinellas County,4.2,29,ChIJsRW8HGzswogRlLQ-8_MWa9A,Pinellas County Google Maps Scan,"dentist, pinellas-county, 2026-03-02"
Dr. Rachel Spicola,howie.taylor@coastdental.com,(727) 787-0202,https://www.coastdental.com/dentist-office/oldsmar-fl-34677/doctor-bios,3150 Tampa Rd #4,34677,Pinellas County,5,8,ChIJS8Iwiq7twogRNAM-dfhAqo8,Pinellas County Google Maps Scan,"dentist, pinellas-county, 2026-03-02"
"Dr. Arnold Safirstein, DMD",eastlake@coastdental.com,(727) 787-0202,https://www.coastdental.com/dentist-office/oldsmar-fl-34677,3150 Tampa Rd #4,34677,Pinellas County,5,1,ChIJJ-fv467twogR-RY0PON_a4U,Pinellas County Google Maps Scan,"dentist, pinellas-county, 2026-03-02"
Westchase Endodontics,,(813) 814-7649,https://www.wcendo.com/,253 A Pine Ave N,34677,Pinellas County,4.9,375,ChIJD04rJ3nrwogR4nD2-AqPn_A,Pinellas County Google Maps Scan,"dentist, pinellas-county, 2026-03-02"
Suncoast Dental Specialty Center,,(813) 448-7422,[32m✓[0m Done,4009 Tampa Rd #5,34677,Pinellas County,5,1,ChIJFVwjDHLswogR84RESRwCKbA,Pinellas County Google Maps Scan,"dentist, pinellas-county, 2026-03-02"
Dr. Ricky Pan,,(813) 359-9756,[32m✓[0m Done,190 Pine Ave N,34677,Pinellas County,5,5,ChIJVVXF5kLswogR222w6SqlJUw,Pinellas County Google Maps Scan,"dentist, pinellas-county, 2026-03-02"
Grover Dental Pediatrics: Grover Neeraj R DDS,,(813) 814-2933,https://www.groverdentalpediatrics.com/map-directions/,3906 Tampa Rd,34677,Pinellas County,4.6,12,ChIJnVu4jWnswogRs7p2yeey9m0,Pinellas County Google Maps Scan,"dentist, pinellas-county, 2026-03-02"
Periodontics,,,[32m✓[0m Done,139 Commerce Blvd,34677,Pinellas County,5,1,ChIJoZFzrm7swogR5LdeVKsdQSo,Pinellas County Google Maps Scan,"dentist, pinellas-county, 2026-03-02"
Still Waters Dentistry Palm Harbor,admin@stillwatersdentistry.net,(727) 772-1120,https://stillwatersdentistry.net/?utm_source=gmb&utm_medium=organic&utm_campaign=gmb,31980 US Hwy 19 N,34683,Pinellas County,5,225,ChIJNUxowYDywogRurM4TsVhmCQ,Pinellas County Google Maps Scan,"dentist, pinellas-county, 2026-03-02"
Bow Tie Dentist (Formerly Hugh Wunderlich DDS Family Dentistry),info@BTdentist.com,(727) 789-1212,https://www.btdentist.com/,32224 US Hwy 19 N,34683,Pinellas County,5,317,ChIJl7hwSIHywogR_7WC5ftLgmU,Pinellas County Google Maps Scan,"dentist, pinellas-county, 2026-03-02"
"Oscar Menendez DDS,P.A",,(727) 785-4461,https://www.palmharbordentist.com/,2682 W Lake Rd,34683,Pinellas County,5,424,ChIJOf7Hi53ywogRYZ_IgoZWQl8,Pinellas County Google Maps Scan,"dentist, pinellas-county, 2026-03-02"
Delicate Dentistry of Palm Harbor,,(727) 786-4298,https://www.delicatedentistryph.com/,2445 Tampa Rd # E,34683,Pinellas County,4.9,204,ChIJEfOvIxbzwogRF2H6k-qdd7Q,Pinellas County Google Maps Scan,"dentist, pinellas-county, 2026-03-02"
Dental Arts of Palm Harbor,,(727) 625-2609,https://dentalartsofpalmharbor.com/?utm_source=gbp&utm_medium=organic&utm_campaign=yext_listing,35691 US Hwy 19 N,34683,Pinellas County,4.9,687,ChIJsWZ6D5_ywogRJrC5tf1DxtQ,Pinellas County Google Maps Scan,"dentist, pinellas-county, 2026-03-02"
Palm Harbor Dental Care,,(727) 786-9144,https://palmharbordentalcare.com/,1954 S Pinellas Ave,34683,Pinellas County,4.4,92,ChIJLRU7aKHywogRNYhoDSc719g,Pinellas County Google Maps Scan,"dentist, pinellas-county, 2026-03-02"
Palm Tree Dentistry - Palm Harbor,,(727) 361-6293,https://palmtreedentistry.com/palm-harbor/?utm_campaign=gmb,2939 Palm Harbor Blvd,34683,Pinellas County,4.4,961,ChIJH0Ot8n3twogRaIJ-rP2sMP0,Pinellas County Google Maps Scan,"dentist, pinellas-county, 2026-03-02"
Harp Pediatric Dentistry - Palm Harbor,info@harpdental.com,(727) 496-5210,https://harpdental.com/palm-harbor/?utm_campaign=gmb,31067 US Hwy 19 N,34683,Pinellas County,4.6,1520,ChIJZa6cQx_zwogR47Kdhf31anM,Pinellas County Google Maps Scan,"dentist, pinellas-county, 2026-03-02"
"Massey Dentistry - Cosmetic, Implants & Family",,(727) 786-8302,https://masseydentistry.com/,3820 Tampa Rd,34683,Pinellas County,4.9,360,ChIJrQ6MLAvtwogR2rcygZKPz-Y,Pinellas County Google Maps Scan,"dentist, pinellas-county, 2026-03-02"
VIP Dental Center,,(727) 213-8154,https://www.vipdentalcenter.com/?utm_source=GMB&utm_medium=organic&utm_campaign=DevOptimization&utm_content=Website,32919 US Hwy 19 N,34683,Pinellas County,4.1,303,ChIJl-wILoPywogRh48OEwkPW74,Pinellas County Google Maps Scan,"dentist, pinellas-county, 2026-03-02"
George Kostakis DDS PA,drkostakis@yahoo.com,(727) 787-7434,https://gkostakis.com/,2626 Tampa Rd #201,34683,Pinellas County,4.9,180,ChIJf2SKIYLywogRrZt0fFo6Dgk,Pinellas County Google Maps Scan,"dentist, pinellas-county, 2026-03-02"
Coral Reef Dental,user@domain.com,(727) 789-1333,https://www.coralreefdental.com/,3490 E Lake Rd S,34683,Pinellas County,5,536,ChIJq2VRGgntwogRSQJZsA4F9G8,Pinellas County Google Maps Scan,"dentist, pinellas-county, 2026-03-02"
"Bright Now! Dental & Orthodontics - East Lake, FL",chosen-sprite@2x.png,(727) 781-8000,https://www.brightnow.com/dental-office/palm-harbor-dentist/21070/?utm_source=generic&utm_medium=profiles&utm_campaign=local_profiles,324 E Lake Rd S,34683,Pinellas County,4.5,241,ChIJUzu6JQrtwogRCN5-4xCoJKs,Pinellas County Google Maps Scan,"dentist, pinellas-county, 2026-03-02"
Dr. Maggie Davis & Associates Pediatric Dentist,wendy@drmaggiedavis.com,(727) 786-7551,https://www.drmaggiedavis.com/,3840 Tampa Rd,34684,Pinellas County,4.8,953,ChIJQTnhL3XtwogRVGqImXorTc0,Pinellas County Google Maps Scan,"dentist, pinellas-county, 2026-03-02"
Eastlake Center for Implants and Restorative Dentistry,febin.babu@growthplug.com,(727) 334-1129,https://www.eastlakecenterforimplants.com/?utm_campaign=gmb,3488 E Lake Rd S #401,34684,Pinellas County,4.9,231,ChIJlfO4AgntwogR1hOCQkUVj9Q,Pinellas County Google Maps Scan,"dentist, pinellas-county, 2026-03-02"
Knellinger Dental Excellence,,(727) 785-3383,https://www.palmharbordentistry.com/?utm_source=maps&utm_medium=organic&utm_campaign=PDM+palm+harbor+fl&utm_content=website,1246 Florida Ave,34685,Pinellas County,4.6,263,ChIJH-S-H-_ywogRYjfnw8tLMPc,Pinellas County Google Maps Scan,"dentist, pinellas-county, 2026-03-02"
"Robert M Christ, DMD",staff@eastlakedentalexcellence.com,(727) 934-1200,https://eastlakedentalexcellence.com/?utm_source=gmb_auth,3033 Ridgeline Blvd STE A,34688,Pinellas County,5,28,ChIJ59i00ISTwogRLP75uZKw0EE,Pinellas County Google Maps Scan,"dentist, pinellas-county, 2026-03-02"
"Courtney S Nowicki, DDS",staff@eastlakedentalexcellence.com,(727) 934-1200,https://eastlakedentalexcellence.com/,3033 Ridgeline Blvd STE A,34688,Pinellas County,4.9,22,ChIJpx2uf_aTwogRscnXLTdVRo8,Pinellas County Google Maps Scan,"dentist, pinellas-county, 2026-03-02"
"Dr. Emanuel Kontos, DMD",kontosdmd@tampabay.rr.com,(727) 939-2099,https://www.kontosdental.com/,2605 Keystone Rd,34688,Pinellas County,4.9,75,ChIJuSDyWj6NwogR4C-YwAV1-Tk,Pinellas County Google Maps Scan,"dentist, pinellas-county, 2026-03-02"
Dr. Lyndsay Mccaslin,office@myexpressionsdentistry.com,(727) 787-6453,https://mypalmharbordentist.com/,3007 Ridgeline Blvd suite a,34688,Pinellas County,4.2,5,ChIJFYfMut2SwogRswcnnq5o3YM,Pinellas County Google Maps Scan,"dentist, pinellas-county, 2026-03-02"
Monticciolo Family & Sedation Dentistry,,(813) 336-8478,https://happydentistry.com/,40668 US Hwy 19 N,34688,Pinellas County,4.3,253,ChIJEU4FCYqNwogRj27W1nQnYGw,Pinellas County Google Maps Scan,"dentist, pinellas-county, 2026-03-02"
Coast Dental,tarponsprings@coastdental.com,(727) 942-4144,https://www.coastdental.com/dentist-office/tarpon-springs-fl-34689?utm_source=gmb&utm_medium=organic,41324 US Hwy 19 N,34688,Pinellas County,4.6,638,ChIJQ8-yxEmMWYgRaBJA3A1759c,Pinellas County Google Maps Scan,"dentist, pinellas-county, 2026-03-02"
Smile Design Tarpon Springs,,(727) 609-6240,https://thesmiledesigntarponsprings.com/,40958 US Hwy 19 N,34688,Pinellas County,4.4,515,ChIJy6VkrwiSwogRupSxCNPxQII,Pinellas County Google Maps Scan,"dentist, pinellas-county, 2026-03-02"
Evara Health at Tarpon Springs,red@2x.png,(727) 824-8181,https://evarahealth.org/,247 S Huey Ave,34688,Pinellas County,2.6,163,ChIJxdqc6XqNwogR7H9SYl4CWhs,Pinellas County Google Maps Scan,"dentist, pinellas-county, 2026-03-02"
"Blueberry Dental, Dr Ewelina Kalinowska-Szyszka",micah@micahrich.com,(727) 938-9200,https://tarpondentist.com/,510 E Tarpon Ave,34688,Pinellas County,4.9,51,ChIJa7IIeXGNwogRa-2ZTZTBvII,Pinellas County Google Maps Scan,"dentist, pinellas-county, 2026-03-02"
Ridgemoor Dental Arts,ndrburch4854@gmail.com,(727) 789-8900,https://www.ridgemoordentalarts.com/,4854 Ridgemoor Blvd,34688,Pinellas County,5,11,ChIJaZamiintwogRW9iqn4P2Y6w,Pinellas County Google Maps Scan,"dentist, pinellas-county, 2026-03-02"
Allen Dental Practice,allendentalpractice@hotmail.com,(727) 937-5159,http://www.allendentalpractice.com/,138 Country Club Ct,34688,Pinellas County,4.1,17,ChIJm_qsXhWNwogR2ksPl6LmtZU,Pinellas County Google Maps Scan,"dentist, pinellas-county, 2026-03-02"
"Dr. Mark A. Johnson, DMD",Admin@johnsondentalpractice.com,(727) 937-5159,https://johnsondentalpractice.com/,138 Country Club Ct,34688,Pinellas County,4.8,31,ChIJm_qsXhWNwogR0TcOpNDMM9c,Pinellas County Google Maps Scan,"dentist, pinellas-county, 2026-03-02"
Prestige Dentistry - Trinity,,(727) 376-3763,https://prestige-dentistry.com/,1641 Davenport Dr,34688,Pinellas County,4.8,527,ChIJ_es92DKSwogR9Jwa1xO7Roo,Pinellas County Google Maps Scan,"dentist, pinellas-county, 2026-03-02"
Blueberry Dental - Dr. Kalinowska Szyszka,micah@micahrich.com,(727) 938-9200,https://tarpondentist.com/,510 E Tarpon Ave,34689,Pinellas County,5,34,ChIJZ8NWzuWNwogRG2mmqmLnYn8,Pinellas County Google Maps Scan,"dentist, pinellas-county, 2026-03-02"
"Dr. Dennis P. Allen, DMD",allendentalpractice@hotmail.com,(727) 937-5159,http://allendentalpractice.com/,138 Country Club Ct,34689,Pinellas County,5,6,ChIJm_qsXhWNwogR8bawcO28lTs,Pinellas County Google Maps Scan,"dentist, pinellas-county, 2026-03-02"
Dr. Jose Avila,howie.taylor@coastdental.com,(727) 734-4144,https://www.coastdental.com/dentist-office/tarpon-springs-fl-34689/doctor-bios,41324 US Hwy 19 N,34689,Pinellas County,5,3,ChIJyTSHVnmNwogRk2i_jNB9ynM,Pinellas County Google Maps Scan,"dentist, pinellas-county, 2026-03-02"
"Paul Kolodziej, DDS, DMD",,(727) 940-9055,https://www.aspendental.com/providers/paul-kolodziej/1417235847/,40545 US Hwy 19 N G,34689,Pinellas County,,0,ChIJG8hH7IiNwogRhNQd8_rPa8Q,Pinellas County Google Maps Scan,"dentist, pinellas-county, 2026-03-02"
Emergency Dentist 24/7 Tarpon Springs,eds-logo-header@2x.webp,(888) 350-1340,https://www.emergencydentalservice.com/eds-locations,650 E Tarpon Ave,34689,Pinellas County,,0,ChIJbXtl97yNwogRc05l9CFNqmc,Pinellas County Google Maps Scan,"dentist, pinellas-county, 2026-03-02"
The New You Dental & Aesthetics,Thenewyoudental@gmail.com,(727) 286-7627,https://thenewyoudental.com/,945 Main St,34695,Pinellas County,4.9,208,ChIJn9hsL2fuwogRnDLe_iumyKA,Pinellas County Google Maps Scan,"dentist, pinellas-county, 2026-03-02"
Baker Family & Cosmetic Dentistry of Safety Harbor,,(727) 531-4462,https://clearwaterfamily.dental/,231 2nd St S Ste 101 Suite 101,34695,Pinellas County,4.7,403,ChIJEXX9wz_lwogRiFWTi-A74YI,Pinellas County Google Maps Scan,"dentist, pinellas-county, 2026-03-02"
Huntington Dental Arts: Nicolas Nieto DMD PA.,nietodmd@yahoo.com,(727) 799-2400,https://www.huntingtondentalarts.com/,701 Enterprise Rd E STE 201,34695,Pinellas County,4.6,45,ChIJzSEi59XtwogRIEhgzSH43RY,Pinellas County Google Maps Scan,"dentist, pinellas-county, 2026-03-02"
Carroll Patrick J DDS,,(727) 725-5870,[32m✓[0m Done,255 Phillippe Landing,34695,Pinellas County,5,13,ChIJX0MhtovuwogRltZDXKGEDg0,Pinellas County Google Maps Scan,"dentist, pinellas-county, 2026-03-02"
The Dental Office Of Dunedin,info@dunedindental.com,(727) 738-8845,https://www.dunedindental.com/,1044 Belcher Rd,34698,Pinellas County,4.9,936,ChIJGadgFh3ywogR3FO8dfZEA5k,Pinellas County Google Maps Scan,"dentist, pinellas-county, 2026-03-02"
Dunedin Dental Associates,info@ddadental.com,(727) 734-3321,https://ddadental.com/?utm_source=gmb&utm_medium=organic,1201 County Rd 1,34698,Pinellas County,5,370,ChIJGaOP0n7zwogRh4N9lpy_R4o,Pinellas County Google Maps Scan,"dentist, pinellas-county, 2026-03-02"
Dunedin Dental Care,,(727) 761-4229,https://dunedindentalcare.com/?utm_source=gbp&utm_medium=organic&utm_campaign=yext_listing,1100 Pinehurst Rd,34698,Pinellas County,4.8,903,ChIJh6ORaCnywogRjsy6ts3UeMw,Pinellas County Google Maps Scan,"dentist, pinellas-county, 2026-03-02"
Florida Oral & Maxillofacial Surgery,,(727) 738-1716,https://www.floridaomfs.com/,1993 County Rd 1,34698,Pinellas County,5,937,ChIJee1Gaj_ywogRxZS4-iW5Qvg,Pinellas County Google Maps Scan,"dentist, pinellas-county, 2026-03-02"
Gulf Shore Dentistry,,(727) 594-6659,https://www.gulfshoredentistry.com/?utm_source=google&utm_medium=organic&utm_campaign=gbp,2260 Bayshore Blvd,34698,Pinellas County,5,273,ChIJh9zQebbzwogRa30kmPky1Z4,Pinellas County Google Maps Scan,"dentist, pinellas-county, 2026-03-02"
"Dunedin Shores Dental Care - Dental Implants, Cosmetic & General Dentist",,(727) 733-1004,https://dunedinshoresdental.com/,1463 Pinehurst Rd,34698,Pinellas County,5,83,ChIJdTxfaznzwogRlTWptwYL_ig,Pinellas County Google Maps Scan,"dentist, pinellas-county, 2026-03-02"
TLC Dentistry,john@myportalmarketing.com,(727) 334-2205,https://www.dentistdunedinfl.com/,2323 Curlew Rd #2f,34698,Pinellas County,4.9,199,ChIJbb_kknDywogR_YlmmIc7vdo,Pinellas County Google Maps Scan,"dentist, pinellas-county, 2026-03-02"
Johnson Dental Practice Dunedin,Admin@johnsondentalpractice.com,(727) 437-7774,https://johnsondentalpractice.com/,2213 Curlew Rd,34698,Pinellas County,4.6,28,ChIJ2Rd84onzwogR5otGOHG43UA,Pinellas County Google Maps Scan,"dentist, pinellas-county, 2026-03-02"
Beach Dentistry,office@drbeachdentistry.com,(727) 736-1111,https://drbeachdentistry.com/,1995 County Rd 1,34698,Pinellas County,4.9,91,ChIJOe78aj_ywogRYvrsX0i9EPo,Pinellas County Google Maps Scan,"dentist, pinellas-county, 2026-03-02"
Bayshore Family Dental,chosen-sprite@2x.png,(727) 733-1175,https://bayshorefamilydentalfl.com/?utm_source=organic&utm_medium=gbp&utm_id=local,1952 Bayshore Blvd,34698,Pinellas County,4.8,289,ChIJ245Tr8nzwogRcVVxn5KKorw,Pinellas County Google Maps Scan,"dentist, pinellas-county, 2026-03-02"
Monticciolo Family Sedation Dentistry,,(813) 336-8478,https://happydentistry.com/,1370 Main St,34698,Pinellas County,4.6,256,ChIJdbeSPknzwogRE8CFDA4trEg,Pinellas County Google Maps Scan,"dentist, pinellas-county, 2026-03-02"
"Steven D. Neyer, DMD",605a7baede844d278b89dc95ae0a9123@sentry-next.wixpress.com,(727) 733-7848,https://www.drneyer.com/,1022 Main St STE P,34698,Pinellas County,4.9,509,ChIJG59R_CrywogRlXIbn1v3SUQ,Pinellas County Google Maps Scan,"dentist, pinellas-county, 2026-03-02"
William Spencer,,(727) 734-3321,[32m✓[0m Done,1201 County Rd 1 STE B,34698,Pinellas County,5,3,ChIJMyp8lSbywogRb18r_xVzfZ0,Pinellas County Google Maps Scan,"dentist, pinellas-county, 2026-03-02"
Shining Smiles Teeth Whitening,,(727) 417-0274,https://www.whitemysmile.com/?utm_source=google&utm_medium=wix_google_business_profile&utm_campaign=6360841676924752607,2141 Main St Suite I,34698,Pinellas County,5,66,ChIJEUnYik_5wogR00zXO7SbmIU,Pinellas County Google Maps Scan,"dentist, pinellas-county, 2026-03-02"
Lepore Comprehensive Dentistry,,(727) 361-2452,https://leporedentistry.com/,822 Milwaukee Ave,34698,Pinellas County,4.9,314,ChIJP3GFOnzxwogRK2-3n1f6RYA,Pinellas County Google Maps Scan,"dentist, pinellas-county, 2026-03-02"
Mariana Boles,howie.taylor@coastdental.com,(727) 736-1777,https://www.coastdental.com/dentist-office/dunedin-fl-34698/doctor-bios,916 Curlew Rd,34698,Pinellas County,,0,ChIJP45atLLzwogRZG-oADSN9aw,Pinellas County Google Maps Scan,"dentist, pinellas-county, 2026-03-02"
Dr. Michael Yuan,,(727) 738-1716,https://www.floridaomfs.com/,1993 County Rd 1,34698,Pinellas County,5,448,ChIJkWFGaj_ywogRfzwGbQyGRgI,Pinellas County Google Maps Scan,"dentist, pinellas-county, 2026-03-02"
Sara Maltese,,(727) 738-8845,https://www.dunedindental.com/our-office/,1044 Belcher Rd,34698,Pinellas County,5,1,ChIJ__-rFh3ywogRcriEiIT-mm0,Pinellas County Google Maps Scan,"dentist, pinellas-county, 2026-03-02"
Coast Dental,dunedin@coastdental.com,(727) 736-1777,https://www.coastdental.com/dentist-office/dunedin-fl-34698?utm_source=gmb&utm_medium=organic,916 Curlew Rd,34698,Pinellas County,4.6,818,ChIJY5kxYEPywogRaaeDj6D5MN8,Pinellas County Google Maps Scan,"dentist, pinellas-county, 2026-03-02"
